nation,condition,year,sex,asdr
England,all_cvd,1969,Male,484.8791
England,all_cvd,1971,Male,472.1166
England,all_cvd,1973,Male,471.625
England,all_cvd,1975,Male,459.4817
England,all_cvd,1977,Male,445.1154
England,all_cvd,1979,Male,447.4339
England,all_cvd,1981,Male,418.1741
England,all_cvd,1983,Male,403.8525
England,all_cvd,1985,Male,384.1181
England,all_cvd,1987,Male,358.0857
England,all_cvd,1989,Male,329.2087
England,all_cvd,1991,Male,308.9631
England,all_cvd,1993,Male,293.3559
England,all_cvd,1994,Male,297.45388791766334
England,all_cvd,1995,Male,290.80934625545734
England,all_cvd,1996,Male,280.1810268820501
England,all_cvd,1997,Male,262.71616645518196
England,all_cvd,1998,Male,252.51517083471407
England,all_cvd,1999,Male,238.21970460912183
England,all_cvd,2000,Male,223.25040724713702
England,all_cvd,2001,Male,212.99730649088684
England,all_cvd,2002,Male,202.35960333164837
England,all_cvd,2003,Male,191.67468106557297
England,all_cvd,2004,Male,177.88466155820797
England,all_cvd,2005,Male,165.60360387228576
England,all_cvd,2006,Male,154.58346112669238
England,all_cvd,2007,Male,145.95099609791737
England,all_cvd,2008,Male,138.18578062428497
England,all_cvd,2009,Male,130.02851790304405
England,all_cvd,2010,Male,126.83052658765251
England,all_cvd,2011,Male,115.41215707038278
England,all_cvd,2012,Male,109.59611040462497
England,all_cvd,2013,Male,109.42573672185249
England,all_cvd,2014,Male,105.82842848998591
England,all_cvd,2015,Male,105.01728455906682
England,all_cvd,2016,Male,103.39994744870341
England,all_cvd,2017,Male,101.50610081654156
England,all_cvd,2018,Male,102.8119573239167
England,all_cvd,2019,Male,98.8927532193584
England,all_cvd,1969,Female,237.8309
England,all_cvd,1971,Female,222.3471
England,all_cvd,1973,Female,222.2704
England,all_cvd,1975,Female,211.2226
England,all_cvd,1977,Female,202.9677
England,all_cvd,1979,Female,201.4916
England,all_cvd,1981,Female,186.5601
England,all_cvd,1983,Female,179.0945
England,all_cvd,1985,Female,170.4657
England,all_cvd,1987,Female,159.832
England,all_cvd,1989,Female,150.2915
England,all_cvd,1991,Female,140.6804
England,all_cvd,1993,Female,133.8235
England,all_cvd,1994,Female,137.01408309326123
England,all_cvd,1995,Female,133.33456064850574
England,all_cvd,1996,Female,129.76137833699002
England,all_cvd,1997,Female,122.769587754674
England,all_cvd,1998,Female,119.1734280979246
England,all_cvd,1999,Female,111.03552749147786
England,all_cvd,2000,Female,102.78282558960089
England,all_cvd,2001,Female,98.8621489546201
England,all_cvd,2002,Female,93.55841574826727
England,all_cvd,2003,Female,88.93178976094063
England,all_cvd,2004,Female,80.79322036867892
England,all_cvd,2005,Female,75.93285916266987
England,all_cvd,2006,Female,71.33259081347491
England,all_cvd,2007,Female,66.43607782054848
England,all_cvd,2008,Female,63.153620853397015
England,all_cvd,2009,Female,57.46755371307107
England,all_cvd,2010,Female,55.90006490432651
England,all_cvd,2011,Female,51.64789448890563
England,all_cvd,2012,Female,50.681127252383575
England,all_cvd,2013,Female,48.5928251832207
England,all_cvd,2014,Female,46.943266784553785
England,all_cvd,2015,Female,47.92001268417989
England,all_cvd,2016,Female,46.94418555406207
England,all_cvd,2017,Female,45.33072591771283
England,all_cvd,2018,Female,45.49006758533238
England,all_cvd,2019,Female,43.77500297125035
Northern Ireland,all_cvd,1969,Male,566.1672
Northern Ireland,all_cvd,1971,Male,549.1797
Northern Ireland,all_cvd,1973,Male,576.451
Northern Ireland,all_cvd,1975,Male,567.0779
Northern Ireland,all_cvd,1977,Male,587.8397
Northern Ireland,all_cvd,1979,Male,582.8712
Northern Ireland,all_cvd,1981,Male,533.7618
Northern Ireland,all_cvd,1983,Male,494.577
Northern Ireland,all_cvd,1985,Male,472.9071
Northern Ireland,all_cvd,1987,Male,423.6093
Northern Ireland,all_cvd,1989,Male,403.7139
Northern Ireland,all_cvd,1991,Male,352.9485
Northern Ireland,all_cvd,1993,Male,346.1967
Northern Ireland,all_cvd,1994,Male,353.12702306392197
Northern Ireland,all_cvd,1995,Male,346.33528444940464
Northern Ireland,all_cvd,1996,Male,309.86119178531027
Northern Ireland,all_cvd,1997,Male,310.0359168788569
Northern Ireland,all_cvd,1998,Male,287.0489459908676
Northern Ireland,all_cvd,1999,Male,275.20036842229695
Northern Ireland,all_cvd,2000,Male,238.07276862590135
Northern Ireland,all_cvd,2001,Male,220.58164266703648
Northern Ireland,all_cvd,2002,Male,219.60182907222145
Northern Ireland,all_cvd,2003,Male,199.74997698313754
Northern Ireland,all_cvd,2004,Male,191.6961646139775
Northern Ireland,all_cvd,2005,Male,172.72817433612045
Northern Ireland,all_cvd,2006,Male,162.1060730966884
Northern Ireland,all_cvd,2007,Male,156.00338507269655
Northern Ireland,all_cvd,2008,Male,143.77382692006535
Northern Ireland,all_cvd,2009,Male,135.51012452130797
Northern Ireland,all_cvd,2010,Male,140.40722190646872
Northern Ireland,all_cvd,2011,Male,127.22047518670236
Northern Ireland,all_cvd,2012,Male,116.5302906448735
Northern Ireland,all_cvd,2013,Male,110.98463748575891
Northern Ireland,all_cvd,2014,Male,102.946139432366
Northern Ireland,all_cvd,2015,Male,104.13929255713326
Northern Ireland,all_cvd,2016,Male,100.1816852817865
Northern Ireland,all_cvd,2017,Male,103.36986699887152
Northern Ireland,all_cvd,2018,Male,96.27079358234121
Northern Ireland,all_cvd,2019,Male,96.44799168442826
Northern Ireland,all_cvd,1969,Female,311.6622
Northern Ireland,all_cvd,1971,Female,293.646
Northern Ireland,all_cvd,1973,Female,303.6658
Northern Ireland,all_cvd,1975,Female,281.985
Northern Ireland,all_cvd,1977,Female,278.4001
Northern Ireland,all_cvd,1979,Female,278.889
Northern Ireland,all_cvd,1981,Female,244.7958
Northern Ireland,all_cvd,1983,Female,241.9033
Northern Ireland,all_cvd,1985,Female,228.4953
Northern Ireland,all_cvd,1987,Female,200.1055
Northern Ireland,all_cvd,1989,Female,185.2134
Northern Ireland,all_cvd,1991,Female,168.4353
Northern Ireland,all_cvd,1993,Female,160.8425
Northern Ireland,all_cvd,1994,Female,172.61693630959223
Northern Ireland,all_cvd,1995,Female,170.29847939961036
Northern Ireland,all_cvd,1996,Female,152.27609221930356
Northern Ireland,all_cvd,1997,Female,142.14761260453088
Northern Ireland,all_cvd,1998,Female,128.85682489295368
Northern Ireland,all_cvd,1999,Female,125.43242370408088
Northern Ireland,all_cvd,2000,Female,111.59582459478125
Northern Ireland,all_cvd,2001,Female,106.02646140126618
Northern Ireland,all_cvd,2002,Female,103.59301128107774
Northern Ireland,all_cvd,2003,Female,86.87452389103187
Northern Ireland,all_cvd,2004,Female,89.52375780840777
Northern Ireland,all_cvd,2005,Female,82.17940216093945
Northern Ireland,all_cvd,2006,Female,81.39735282693056
Northern Ireland,all_cvd,2007,Female,71.19999254629951
Northern Ireland,all_cvd,2008,Female,71.79578552224262
Northern Ireland,all_cvd,2009,Female,68.19871416437775
Northern Ireland,all_cvd,2010,Female,64.17381380018278
Northern Ireland,all_cvd,2011,Female,51.77571026814502
Northern Ireland,all_cvd,2012,Female,46.39036829648616
Northern Ireland,all_cvd,2013,Female,50.4095950793705
Northern Ireland,all_cvd,2014,Female,48.141872763820245
Northern Ireland,all_cvd,2015,Female,50.62744059792073
Northern Ireland,all_cvd,2016,Female,49.36022670416546
Northern Ireland,all_cvd,2017,Female,46.9361716465134
Northern Ireland,all_cvd,2018,Female,45.44088198134596
Northern Ireland,all_cvd,2019,Female,44.63390921646265
Scotland,all_cvd,1969,Male,581.7431
Scotland,all_cvd,1971,Male,573.0029
Scotland,all_cvd,1973,Male,593.2709
Scotland,all_cvd,1975,Male,561.2882
Scotland,all_cvd,1977,Male,527.2775
Scotland,all_cvd,1979,Male,545.1229
Scotland,all_cvd,1981,Male,513.3663
Scotland,all_cvd,1983,Male,497.5551
Scotland,all_cvd,1985,Male,480.3106
Scotland,all_cvd,1987,Male,453.3888
Scotland,all_cvd,1989,Male,433.2839
Scotland,all_cvd,1991,Male,392.1519
Scotland,all_cvd,1993,Male,381.0044
Scotland,all_cvd,1994,Male,383.1413406472592
Scotland,all_cvd,1995,Male,369.6588922801287
Scotland,all_cvd,1996,Male,359.2557201712237
Scotland,all_cvd,1997,Male,337.90139202346006
Scotland,all_cvd,1998,Male,325.5008781848721
Scotland,all_cvd,1999,Male,307.1806153357754
Scotland,all_cvd,2000,Male,287.57695911871036
Scotland,all_cvd,2001,Male,263.9479410496672
Scotland,all_cvd,2002,Male,251.7417456640011
Scotland,all_cvd,2003,Male,244.22002132995104
Scotland,all_cvd,2004,Male,225.31725609881136
Scotland,all_cvd,2005,Male,213.86530510005184
Scotland,all_cvd,2006,Male,195.22295135881166
Scotland,all_cvd,2007,Male,198.09074355465535
Scotland,all_cvd,2008,Male,183.7278392933935
Scotland,all_cvd,2009,Male,163.64476830975897
Scotland,all_cvd,2010,Male,161.55557864147056
Scotland,all_cvd,2011,Male,151.11517536234368
Scotland,all_cvd,2012,Male,146.36310423410916
Scotland,all_cvd,2013,Male,143.16660618649178
Scotland,all_cvd,2014,Male,133.61417156748297
Scotland,all_cvd,2015,Male,139.62006808107265
Scotland,all_cvd,2016,Male,135.4504533811904
Scotland,all_cvd,2017,Male,133.77206780263433
Scotland,all_cvd,2018,Male,128.65855159966424
Scotland,all_cvd,2019,Male,125.30563093209811
Scotland,all_cvd,1969,Female,320.2966
Scotland,all_cvd,1971,Female,295.995
Scotland,all_cvd,1973,Female,296.5946
Scotland,all_cvd,1975,Female,275.6606
Scotland,all_cvd,1977,Female,267.6599
Scotland,all_cvd,1979,Female,274.7326
Scotland,all_cvd,1981,Female,259.351
Scotland,all_cvd,1983,Female,246.3491
Scotland,all_cvd,1985,Female,240.9514
Scotland,all_cvd,1987,Female,223.9337
Scotland,all_cvd,1989,Female,217.1085
Scotland,all_cvd,1991,Female,196.3694
Scotland,all_cvd,1993,Female,186.2654
Scotland,all_cvd,1994,Female,190.65673451467023
Scotland,all_cvd,1995,Female,181.5490820543763
Scotland,all_cvd,1996,Female,170.26032074891714
Scotland,all_cvd,1997,Female,167.6917250166112
Scotland,all_cvd,1998,Female,157.99965031504104
Scotland,all_cvd,1999,Female,149.20483177274446
Scotland,all_cvd,2000,Female,138.33239973331672
Scotland,all_cvd,2001,Female,128.60223792878952
Scotland,all_cvd,2002,Female,125.69976923485602
Scotland,all_cvd,2003,Female,116.69870009394211
Scotland,all_cvd,2004,Female,108.52907914805421
Scotland,all_cvd,2005,Female,102.13821912109246
Scotland,all_cvd,2006,Female,97.18368549834085
Scotland,all_cvd,2007,Female,91.55309098905295
Scotland,all_cvd,2008,Female,86.31642896971609
Scotland,all_cvd,2009,Female,79.9948620031527
Scotland,all_cvd,2010,Female,74.73811718811533
Scotland,all_cvd,2011,Female,70.60054953304228
Scotland,all_cvd,2012,Female,70.30155166708755
Scotland,all_cvd,2013,Female,68.00940491511557
Scotland,all_cvd,2014,Female,62.284827774047855
Scotland,all_cvd,2015,Female,65.39911917548538
Scotland,all_cvd,2016,Female,65.01928994917984
Scotland,all_cvd,2017,Female,63.79366834730874
Scotland,all_cvd,2018,Female,60.31227255399452
Scotland,all_cvd,2019,Female,60.94964366425523
United Kingdom,all_cvd,1969,Male,500.3216
United Kingdom,all_cvd,1971,Male,486.7595
United Kingdom,all_cvd,1973,Male,488.4594
United Kingdom,all_cvd,1975,Male,475.213
United Kingdom,all_cvd,1977,Male,459.4052
United Kingdom,all_cvd,1979,Male,461.9152
United Kingdom,all_cvd,1981,Male,431.7125
United Kingdom,all_cvd,1983,Male,417.1803
United Kingdom,all_cvd,1985,Male,396.983
United Kingdom,all_cvd,1987,Male,369.4169
United Kingdom,all_cvd,1989,Male,341.7404
United Kingdom,all_cvd,1991,Male,318.6877
United Kingdom,all_cvd,1993,Male,304.0546
United Kingdom,all_cvd,1994,Male,307.53693504483095
United Kingdom,all_cvd,1995,Male,300.6847476575741
United Kingdom,all_cvd,1996,Male,289.3313000510502
United Kingdom,all_cvd,1997,Male,272.28756553139874
United Kingdom,all_cvd,1998,Male,261.087040606487
United Kingdom,all_cvd,1999,Male,247.0937443473443
United Kingdom,all_cvd,2000,Male,230.50458504082272
United Kingdom,all_cvd,2001,Male,219.05086173391743
United Kingdom,all_cvd,2002,Male,208.54342639409265
United Kingdom,all_cvd,2003,Male,197.91472507765354
United Kingdom,all_cvd,2004,Male,183.06728092936316
United Kingdom,all_cvd,2005,Male,171.28616572137966
United Kingdom,all_cvd,2006,Male,159.26761713970845
United Kingdom,all_cvd,2007,Male,151.5750700392259
United Kingdom,all_cvd,2008,Male,143.0449188864486
United Kingdom,all_cvd,2009,Male,133.98060570234477
United Kingdom,all_cvd,2010,Male,130.7396844530028
United Kingdom,all_cvd,2011,Male,119.62058390272597
United Kingdom,all_cvd,2012,Male,113.76553541362551
United Kingdom,all_cvd,2013,Male,113.28442943355671
United Kingdom,all_cvd,2014,Male,108.75789816502429
United Kingdom,all_cvd,2015,Male,108.9983729813348
United Kingdom,all_cvd,2016,Male,106.90582157511174
United Kingdom,all_cvd,2017,Male,105.42877420616723
United Kingdom,all_cvd,2018,Male,105.73214364434997
United Kingdom,all_cvd,2019,Male,102.95154792134386
United Kingdom,all_cvd,1969,Female,249.6288
United Kingdom,all_cvd,1971,Female,232.8736
United Kingdom,all_cvd,1973,Female,233.1886
United Kingdom,all_cvd,1975,Female,220.9392
United Kingdom,all_cvd,1977,Female,212.794
United Kingdom,all_cvd,1979,Female,211.4678
United Kingdom,all_cvd,1981,Female,195.786
United Kingdom,all_cvd,1983,Female,188.0748
United Kingdom,all_cvd,1985,Female,179.4513
United Kingdom,all_cvd,1987,Female,167.7208
United Kingdom,all_cvd,1989,Female,158.3231
United Kingdom,all_cvd,1991,Female,146.9446
United Kingdom,all_cvd,1993,Female,140.0387
United Kingdom,all_cvd,1994,Female,143.7400656919512
United Kingdom,all_cvd,1995,Female,139.55411790691284
United Kingdom,all_cvd,1996,Female,134.76423818136286
United Kingdom,all_cvd,1997,Female,128.357825505834
United Kingdom,all_cvd,1998,Female,123.53753240458026
United Kingdom,all_cvd,1999,Female,115.58662043206259
United Kingdom,all_cvd,2000,Female,106.9666969788829
United Kingdom,all_cvd,2001,Female,102.64509904211165
United Kingdom,all_cvd,2002,Female,97.620329321303
United Kingdom,all_cvd,2003,Female,92.11923525902289
United Kingdom,all_cvd,2004,Female,84.3783386565498
United Kingdom,all_cvd,2005,Female,79.17864359616725
United Kingdom,all_cvd,2006,Female,74.38620201371312
United Kingdom,all_cvd,2007,Female,69.45716155837009
United Kingdom,all_cvd,2008,Female,66.03513875564552
United Kingdom,all_cvd,2009,Female,60.47199273811204
United Kingdom,all_cvd,2010,Female,58.252561245997036
United Kingdom,all_cvd,2011,Female,53.99249809898418
United Kingdom,all_cvd,2012,Female,52.81862407876234
United Kingdom,all_cvd,2013,Female,50.83172876302274
United Kingdom,all_cvd,2014,Female,48.75786558735022
United Kingdom,all_cvd,2015,Female,50.1071863801151
United Kingdom,all_cvd,2016,Female,49.090147731232314
United Kingdom,all_cvd,2017,Female,47.29729942579029
United Kingdom,all_cvd,2018,Female,47.291959943892785
United Kingdom,all_cvd,2019,Female,46.08012674192956
Wales,all_cvd,1969,Male,579.6231
Wales,all_cvd,1971,Male,548.804
Wales,all_cvd,1973,Male,543.9907
Wales,all_cvd,1975,Male,543.4694
Wales,all_cvd,1977,Male,521.0532
Wales,all_cvd,1979,Male,503.9591
Wales,all_cvd,1981,Male,469.3091
Wales,all_cvd,1983,Male,464.3927
Wales,all_cvd,1985,Male,433.3504
Wales,all_cvd,1987,Male,389.582
Wales,all_cvd,1989,Male,363.2601
Wales,all_cvd,1991,Male,336.9482
Wales,all_cvd,1993,Male,328.7413
Wales,all_cvd,1994,Male,324.1235225269961
Wales,all_cvd,1995,Male,322.8095121222974
Wales,all_cvd,1996,Male,309.91727482276985
Wales,all_cvd,1997,Male,298.0454540438779
Wales,all_cvd,1998,Male,278.2898760162549
Wales,all_cvd,1999,Male,275.4420037298612
Wales,all_cvd,2000,Male,247.89796263012846
Wales,all_cvd,2001,Male,240.4502212612804
Wales,all_cvd,2002,Male,229.94171506106466
Wales,all_cvd,2003,Male,219.21937890364654
Wales,all_cvd,2004,Male,191.62079652353208
Wales,all_cvd,2005,Male,189.72050814189683
Wales,all_cvd,2006,Male,172.62627669185875
Wales,all_cvd,2007,Male,160.94712493425848
Wales,all_cvd,2008,Male,152.1001771422302
Wales,all_cvd,2009,Male,146.5869430614441
Wales,all_cvd,2010,Male,136.87495865095647
Wales,all_cvd,2011,Male,130.8166879209298
Wales,all_cvd,2012,Male,124.57690681661612
Wales,all_cvd,2013,Male,126.43993895883649
Wales,all_cvd,2014,Male,117.56692338260228
Wales,all_cvd,2015,Male,125.33100111109911
Wales,all_cvd,2016,Male,120.24420273763833
Wales,all_cvd,2017,Male,123.37393455975922
Wales,all_cvd,2018,Male,120.2629731155126
Wales,all_cvd,2019,Male,119.02322094680454
Wales,all_cvd,1969,Female,286.3763
Wales,all_cvd,1971,Female,263.0812
Wales,all_cvd,1973,Female,265.1608
Wales,all_cvd,1975,Female,252.848
Wales,all_cvd,1977,Female,244.7049
Wales,all_cvd,1979,Female,230.1999
Wales,all_cvd,1981,Female,210.3645
Wales,all_cvd,1983,Female,205.9911
Wales,all_cvd,1985,Female,193.7119
Wales,all_cvd,1987,Female,181.3288
Wales,all_cvd,1989,Female,171.2279
Wales,all_cvd,1991,Female,149.9071
Wales,all_cvd,1993,Female,148.6253
Wales,all_cvd,1994,Female,155.04409205353284
Wales,all_cvd,1995,Female,150.21613810346915
Wales,all_cvd,1996,Female,143.48027820422274
Wales,all_cvd,1997,Female,141.39705697848265
Wales,all_cvd,1998,Female,129.09782194366858
Wales,all_cvd,1999,Female,123.65490689379293
Wales,all_cvd,2000,Female,115.71402430989204
Wales,all_cvd,2001,Female,115.4705857195114
Wales,all_cvd,2002,Female,109.15507755581224
Wales,all_cvd,2003,Female,101.78579012080466
Wales,all_cvd,2004,Female,96.28057501198708
Wales,all_cvd,2005,Female,88.6722600668981
Wales,all_cvd,2006,Female,79.3725845204174
Wales,all_cvd,2007,Female,77.6435412878113
Wales,all_cvd,2008,Female,73.36905165207827
Wales,all_cvd,2009,Female,70.22686498694337
Wales,all_cvd,2010,Female,64.08247601979298
Wales,all_cvd,2011,Female,63.57984901085007
Wales,all_cvd,2012,Female,59.92845726128563
Wales,all_cvd,2013,Female,57.252279434907074
Wales,all_cvd,2014,Female,54.979913144121916
Wales,all_cvd,2015,Female,59.420450989093695
Wales,all_cvd,2016,Female,56.84660094581729
Wales,all_cvd,2017,Female,51.59909963711306
Wales,all_cvd,2018,Female,55.55136430197735
Wales,all_cvd,2019,Female,52.82647882642732
England,chd,1969,Male,305.2866
England,chd,1971,Male,304.9132
England,chd,1973,Male,312.0907
England,chd,1975,Male,309.2336
England,chd,1977,Male,305.1035
England,chd,1979,Male,308.0188
England,chd,1981,Male,293.6633
England,chd,1983,Male,287.1671
England,chd,1985,Male,279.8741
England,chd,1987,Male,261.3579
England,chd,1989,Male,237.7515
England,chd,1991,Male,221.8105
England,chd,1993,Male,208.3011
England,chd,1994,Male,208.1845525990269
England,chd,1995,Male,200.60524830021063
England,chd,1996,Male,191.6353627844021
England,chd,1997,Male,177.79092027088393
England,chd,1998,Male,169.98545084046748
England,chd,1999,Male,158.66223739099553
England,chd,2000,Male,148.24556728802207
England,chd,2001,Male,139.30097988273243
England,chd,2002,Male,130.051896844227
England,chd,2003,Male,122.66481482201912
England,chd,2004,Male,112.14204755287304
England,chd,2005,Male,103.9211711647533
England,chd,2006,Male,95.84527635713073
England,chd,2007,Male,90.05871182956659
England,chd,2008,Male,85.12975660513004
England,chd,2009,Male,78.71855916906505
England,chd,2010,Male,75.44136109253711
England,chd,2011,Male,69.29267394411184
England,chd,2012,Male,65.42415405089288
England,chd,2013,Male,65.40795717347832
England,chd,2014,Male,62.284697690014326
England,chd,2015,Male,61.20187762550322
England,chd,2016,Male,59.83335038382794
England,chd,2017,Male,59.33748183636576
England,chd,2018,Male,59.635043767720724
England,chd,2019,Male,56.692672716854815
England,chd,1969,Female,104.6579
England,chd,1971,Female,101.3591
England,chd,1973,Female,107.2477
England,chd,1975,Female,105.1813
England,chd,1977,Female,103.6884
England,chd,1979,Female,104.4394
England,chd,1981,Female,100.8263
England,chd,1983,Female,99.49143
England,chd,1985,Female,99.42915
England,chd,1987,Female,94.57425
England,chd,1989,Female,89.31271
England,chd,1991,Female,84.09772
England,chd,1993,Female,76.86691
England,chd,1994,Female,76.93982018595455
England,chd,1995,Female,73.47012400899206
England,chd,1996,Female,70.09227707533722
England,chd,1997,Female,65.3965680760906
England,chd,1998,Female,62.86654937946477
England,chd,1999,Female,57.33324860789811
England,chd,2000,Female,52.16098906921409
England,chd,2001,Female,49.634217326942604
England,chd,2002,Female,46.293267213597034
England,chd,2003,Female,42.37967469387069
England,chd,2004,Female,37.768546142777005
England,chd,2005,Female,34.66608321010549
England,chd,2006,Female,32.26305103945394
England,chd,2007,Female,29.291985141992967
England,chd,2008,Female,28.3834643767328
England,chd,2009,Female,24.20608450211214
England,chd,2010,Female,23.42981925504624
England,chd,2011,Female,21.253065086487382
England,chd,2012,Female,20.638586979130476
England,chd,2013,Female,20.126892686229017
England,chd,2014,Female,18.88100033336206
England,chd,2015,Female,19.2101930807162
England,chd,2016,Female,18.330991340011106
England,chd,2017,Female,17.882878458565653
England,chd,2018,Female,17.440981720970136
England,chd,2019,Female,17.105164677185883
Northern Ireland,chd,1969,Male,-
Northern Ireland,chd,1971,Male,-
Northern Ireland,chd,1973,Male,-
Northern Ireland,chd,1975,Male,389.8373
Northern Ireland,chd,1977,Male,406.3231
Northern Ireland,chd,1979,Male,402.6336
Northern Ireland,chd,1981,Male,387.9262
Northern Ireland,chd,1983,Male,365.7015
Northern Ireland,chd,1985,Male,347.4423
Northern Ireland,chd,1987,Male,318.854
Northern Ireland,chd,1989,Male,297.7755
Northern Ireland,chd,1991,Male,265.3856
Northern Ireland,chd,1993,Male,253.5933
Northern Ireland,chd,1994,Male,255.00847241902756
Northern Ireland,chd,1995,Male,255.23210365556534
Northern Ireland,chd,1996,Male,230.2393924907695
Northern Ireland,chd,1997,Male,223.76169907829927
Northern Ireland,chd,1998,Male,203.4831878713909
Northern Ireland,chd,1999,Male,195.44731617840822
Northern Ireland,chd,2000,Male,167.6596295128245
Northern Ireland,chd,2001,Male,152.97358762474437
Northern Ireland,chd,2002,Male,146.21340541872047
Northern Ireland,chd,2003,Male,131.14889858309851
Northern Ireland,chd,2004,Male,129.86973431543095
Northern Ireland,chd,2005,Male,117.0483268876165
Northern Ireland,chd,2006,Male,110.08032424530165
Northern Ireland,chd,2007,Male,106.76157889756253
Northern Ireland,chd,2008,Male,93.72661979248564
Northern Ireland,chd,2009,Male,88.61031154260613
Northern Ireland,chd,2010,Male,88.96838144817724
Northern Ireland,chd,2011,Male,82.46340303073455
Northern Ireland,chd,2012,Male,74.5696149372789
Northern Ireland,chd,2013,Male,71.49455350421098
Northern Ireland,chd,2014,Male,63.49194085408573
Northern Ireland,chd,2015,Male,66.6099429602825
Northern Ireland,chd,2016,Male,57.12424170456923
Northern Ireland,chd,2017,Male,61.830964964464236
Northern Ireland,chd,2018,Male,56.04981603337928
Northern Ireland,chd,2019,Male,56.455304133831014
Northern Ireland,chd,1969,Female,-
Northern Ireland,chd,1971,Female,-
Northern Ireland,chd,1973,Female,-
Northern Ireland,chd,1975,Female,143.8302
Northern Ireland,chd,1977,Female,152.8836
Northern Ireland,chd,1979,Female,154.5965
Northern Ireland,chd,1981,Female,147.0937
Northern Ireland,chd,1983,Female,138.4808
Northern Ireland,chd,1985,Female,134.6749
Northern Ireland,chd,1987,Female,123.7844
Northern Ireland,chd,1989,Female,115.2762
Northern Ireland,chd,1991,Female,101.5658
Northern Ireland,chd,1993,Female,101.6656
Northern Ireland,chd,1994,Female,104.85790048392177
Northern Ireland,chd,1995,Female,104.07072747019826
Northern Ireland,chd,1996,Female,89.90633273961132
Northern Ireland,chd,1997,Female,82.27043391097321
Northern Ireland,chd,1998,Female,74.88572376455977
Northern Ireland,chd,1999,Female,70.75855513507535
Northern Ireland,chd,2000,Female,62.50300218792882
Northern Ireland,chd,2001,Female,59.738646139877204
Northern Ireland,chd,2002,Female,54.88790682425638
Northern Ireland,chd,2003,Female,44.827995392141595
Northern Ireland,chd,2004,Female,44.819359256285665
Northern Ireland,chd,2005,Female,42.69065909904921
Northern Ireland,chd,2006,Female,41.34899801813783
Northern Ireland,chd,2007,Female,35.39969708353003
Northern Ireland,chd,2008,Female,33.392681881183115
Northern Ireland,chd,2009,Female,33.2653093166536
Northern Ireland,chd,2010,Female,28.500413266822
Northern Ireland,chd,2011,Female,23.948983642089228
Northern Ireland,chd,2012,Female,22.982485866066085
Northern Ireland,chd,2013,Female,22.093829292143543
Northern Ireland,chd,2014,Female,21.657187370774835
Northern Ireland,chd,2015,Female,22.49367128089511
Northern Ireland,chd,2016,Female,20.24340099813659
Northern Ireland,chd,2017,Female,19.104487139408267
Northern Ireland,chd,2018,Female,17.7591540917734
Northern Ireland,chd,2019,Female,18.75668942171305
Scotland,chd,1969,Male,384.8706
Scotland,chd,1971,Male,382.8971
Scotland,chd,1973,Male,402.188
Scotland,chd,1975,Male,379.4587
Scotland,chd,1977,Male,372.4097
Scotland,chd,1979,Male,384.0245
Scotland,chd,1981,Male,368.2567
Scotland,chd,1983,Male,364.6714
Scotland,chd,1985,Male,352.6976
Scotland,chd,1987,Male,337.8389
Scotland,chd,1989,Male,314.1167
Scotland,chd,1991,Male,284.1256
Scotland,chd,1993,Male,274.3446
Scotland,chd,1994,Male,273.3392455100467
Scotland,chd,1995,Male,258.8722311756213
Scotland,chd,1996,Male,248.75924829294414
Scotland,chd,1997,Male,230.9490951064189
Scotland,chd,1998,Male,221.9694706037701
Scotland,chd,1999,Male,211.7894993784759
Scotland,chd,2000,Male,191.24805352946927
Scotland,chd,2001,Male,175.18425802598145
Scotland,chd,2002,Male,165.16264097125202
Scotland,chd,2003,Male,163.58163019103336
Scotland,chd,2004,Male,147.9772461281942
Scotland,chd,2005,Male,141.93805610647073
Scotland,chd,2006,Male,125.3005928969459
Scotland,chd,2007,Male,127.76926442924649
Scotland,chd,2008,Male,115.69834776768653
Scotland,chd,2009,Male,102.57439409563304
Scotland,chd,2010,Male,101.11586588359107
Scotland,chd,2011,Male,93.4439130374737
Scotland,chd,2012,Male,91.94448308029823
Scotland,chd,2013,Male,87.42878304071948
Scotland,chd,2014,Male,80.05625447929383
Scotland,chd,2015,Male,83.46681950819955
Scotland,chd,2016,Male,78.5577587705317
Scotland,chd,2017,Male,79.16688547350462
Scotland,chd,2018,Male,75.97807310786209
Scotland,chd,2019,Male,74.82200569647682
Scotland,chd,1969,Female,154.0864
Scotland,chd,1971,Female,144.2495
Scotland,chd,1973,Female,152.0825
Scotland,chd,1975,Female,143.9446
Scotland,chd,1977,Female,145.6218
Scotland,chd,1979,Female,149.4972
Scotland,chd,1981,Female,147.8193
Scotland,chd,1983,Female,145.5513
Scotland,chd,1985,Female,147.1953
Scotland,chd,1987,Female,140.0903
Scotland,chd,1989,Female,132.733
Scotland,chd,1991,Female,120.3707
Scotland,chd,1993,Female,112.3045
Scotland,chd,1994,Female,109.06553903210747
Scotland,chd,1995,Female,105.9484977125792
Scotland,chd,1996,Female,97.25128132102977
Scotland,chd,1997,Female,94.25647285732306
Scotland,chd,1998,Female,89.39051080738862
Scotland,chd,1999,Female,82.83555267941057
Scotland,chd,2000,Female,75.16008038393629
Scotland,chd,2001,Female,69.33581421772533
Scotland,chd,2002,Female,67.3853686380371
Scotland,chd,2003,Female,61.704733187052305
Scotland,chd,2004,Female,55.74937043719912
Scotland,chd,2005,Female,52.81517861251331
Scotland,chd,2006,Female,49.86727962675046
Scotland,chd,2007,Female,45.80541872495513
Scotland,chd,2008,Female,42.39375414815626
Scotland,chd,2009,Female,38.229377296153835
Scotland,chd,2010,Female,36.40471913961166
Scotland,chd,2011,Female,31.26641574446216
Scotland,chd,2012,Female,31.30794854343521
Scotland,chd,2013,Female,28.68586638852687
Scotland,chd,2014,Female,27.255193518938338
Scotland,chd,2015,Female,27.05810449735427
Scotland,chd,2016,Female,28.560778231159485
Scotland,chd,2017,Female,26.86660180440734
Scotland,chd,2018,Female,24.93161150600033
Scotland,chd,2019,Female,25.996770565890696
United Kingdom,chd,1969,Male,-
United Kingdom,chd,1971,Male,-
United Kingdom,chd,1973,Male,-
United Kingdom,chd,1975,Male,320.43
United Kingdom,chd,1977,Male,316.1193
United Kingdom,chd,1979,Male,318.7016
United Kingdom,chd,1981,Male,303.8659
United Kingdom,chd,1983,Male,298.0171
United Kingdom,chd,1985,Male,289.7104
United Kingdom,chd,1987,Male,270.656
United Kingdom,chd,1989,Male,247.2895
United Kingdom,chd,1991,Male,229.55
United Kingdom,chd,1993,Male,216.6149
United Kingdom,chd,1994,Male,216.23887041874565
United Kingdom,chd,1995,Male,208.49768708429394
United Kingdom,chd,1996,Male,198.8444595610427
United Kingdom,chd,1997,Male,184.85501841938552
United Kingdom,chd,1998,Male,176.29834374204097
United Kingdom,chd,1999,Male,165.74723577582574
United Kingdom,chd,2000,Male,153.43664166250235
United Kingdom,chd,2001,Male,144.01355494870867
United Kingdom,chd,2002,Male,134.73294794417234
United Kingdom,chd,2003,Male,127.3544807375403
United Kingdom,chd,2004,Male,116.1800830127376
United Kingdom,chd,2005,Male,108.51989007844158
United Kingdom,chd,2006,Male,99.45069171882294
United Kingdom,chd,2007,Male,94.23984544461251
United Kingdom,chd,2008,Male,88.45425271018902
United Kingdom,chd,2009,Male,81.71824479443869
United Kingdom,chd,2010,Male,78.4620477105032
United Kingdom,chd,2011,Male,72.18007935159935
United Kingdom,chd,2012,Male,68.49762966311283
United Kingdom,chd,2013,Male,68.20386360261321
United Kingdom,chd,2014,Male,64.0772344082207
United Kingdom,chd,2015,Male,64.03810353168215
United Kingdom,chd,2016,Male,62.04113515803247
United Kingdom,chd,2017,Male,61.769784971605446
United Kingdom,chd,2018,Male,61.526007158973655
United Kingdom,chd,2019,Male,59.49720750896512
United Kingdom,chd,1969,Female,-
United Kingdom,chd,1971,Female,-
United Kingdom,chd,1973,Female,-
United Kingdom,chd,1975,Female,110.7716
United Kingdom,chd,1977,Female,109.6016
United Kingdom,chd,1979,Female,110.5506
United Kingdom,chd,1981,Female,106.6768
United Kingdom,chd,1983,Female,105.1992
United Kingdom,chd,1985,Female,105.3189
United Kingdom,chd,1987,Female,100.1036
United Kingdom,chd,1989,Female,94.50178
United Kingdom,chd,1991,Female,88.18134
United Kingdom,chd,1993,Female,81.33723
United Kingdom,chd,1994,Female,81.22078044101924
United Kingdom,chd,1995,Female,77.63033215208759
United Kingdom,chd,1996,Female,73.62592242894804
United Kingdom,chd,1997,Female,69.02701723684528
United Kingdom,chd,1998,Female,65.95557700413437
United Kingdom,chd,1999,Female,60.354292426423285
United Kingdom,chd,2000,Female,55.0952977573932
United Kingdom,chd,2001,Female,52.25236495833388
United Kingdom,chd,2002,Female,48.906720706250454
United Kingdom,chd,2003,Female,44.651444708800824
United Kingdom,chd,2004,Female,40.14217904796628
United Kingdom,chd,2005,Female,36.92568111969932
United Kingdom,chd,2006,Female,34.34860943571221
United Kingdom,chd,2007,Female,31.260589066084094
United Kingdom,chd,2008,Female,29.98239943924702
United Kingdom,chd,2009,Female,26.02509233972376
United Kingdom,chd,2010,Female,24.902704642062808
United Kingdom,chd,2011,Female,22.490716165977407
United Kingdom,chd,2012,Female,22.036328046448627
United Kingdom,chd,2013,Female,21.201864975914166
United Kingdom,chd,2014,Female,19.90005875733687
United Kingdom,chd,2015,Female,20.272562801963467
United Kingdom,chd,2016,Female,19.56151720710451
United Kingdom,chd,2017,Female,18.856345228979503
United Kingdom,chd,2018,Female,18.365830108691586
United Kingdom,chd,2019,Female,18.273123948280258
Wales,chd,1969,Male,370.7716
Wales,chd,1971,Male,353.0793
Wales,chd,1973,Male,364.7316
Wales,chd,1975,Male,371.218
Wales,chd,1977,Male,360.423
Wales,chd,1979,Male,344.8916
Wales,chd,1981,Male,324.2525
Wales,chd,1983,Male,332.1632
Wales,chd,1985,Male,318.5474
Wales,chd,1987,Male,288.284
Wales,chd,1989,Male,266.4388
Wales,chd,1991,Male,246.2701
Wales,chd,1993,Male,236.9101
Wales,chd,1994,Male,233.42678895668308
Wales,chd,1995,Male,229.39610235572806
Wales,chd,1996,Male,216.49102865246482
Wales,chd,1997,Male,202.5452174791032
Wales,chd,1998,Male,188.23840883302177
Wales,chd,1999,Male,188.18777723075442
Wales,chd,2000,Male,166.76329385162268
Wales,chd,2001,Male,162.9369281150862
Wales,chd,2002,Male,153.1408021000797
Wales,chd,2003,Male,139.85675528199988
Wales,chd,2004,Male,120.95400875815655
Wales,chd,2005,Male,121.42386942180423
Wales,chd,2006,Male,108.56848859488588
Wales,chd,2007,Male,98.51318575648881
Wales,chd,2008,Male,93.0611408813244
Wales,chd,2009,Male,91.32707265118727
Wales,chd,2010,Male,83.34100357602989
Wales,chd,2011,Male,77.6097232811205
Wales,chd,2012,Male,75.08123377991679
Wales,chd,2013,Male,78.94529749897612
Wales,chd,2014,Male,66.5415448535617
Wales,chd,2015,Male,76.30049583050946
Wales,chd,2016,Male,73.07759964601212
Wales,chd,2017,Male,72.43493201637882
Wales,chd,2018,Male,70.94754481160791
Wales,chd,2019,Male,70.49496759824375
Wales,chd,1969,Female,128.6781
Wales,chd,1971,Female,122.3172
Wales,chd,1973,Female,124.1897
Wales,chd,1975,Female,127.1813
Wales,chd,1977,Female,121.8905
Wales,chd,1979,Female,120.4523
Wales,chd,1981,Female,110.5324
Wales,chd,1983,Female,111.2413
Wales,chd,1985,Female,113.1982
Wales,chd,1987,Female,108.4099
Wales,chd,1989,Female,100.9243
Wales,chd,1991,Female,90.44869
Wales,chd,1993,Female,88.95431
Wales,chd,1994,Female,89.41752515467006
Wales,chd,1995,Female,81.72834290073955
Wales,chd,1996,Female,80.37428523672962
Wales,chd,1997,Female,75.97323375720292
Wales,chd,1998,Female,68.95130023213068
Wales,chd,1999,Female,63.579113660085724
Wales,chd,2000,Female,62.527794415703156
Wales,chd,2001,Female,60.19581710279645
Wales,chd,2002,Female,54.60977844718365
Wales,chd,2003,Female,50.38180519716892
Wales,chd,2004,Female,47.79321355299926
Wales,chd,2005,Female,41.75668981701456
Wales,chd,2006,Female,36.602553221203486
Wales,chd,2007,Female,34.685801927618904
Wales,chd,2008,Female,31.84631950219522
Wales,chd,2009,Female,29.94970934700673
Wales,chd,2010,Female,26.581845242461444
Wales,chd,2011,Female,26.092886728034717
Wales,chd,2012,Female,27.730282699679474
Wales,chd,2013,Female,25.02875041563112
Wales,chd,2014,Female,22.763228455178364
Wales,chd,2015,Female,24.694591167713355
Wales,chd,2016,Female,23.948278114862852
Wales,chd,2017,Female,20.9448397662985
Wales,chd,2018,Female,22.550186581270445
Wales,chd,2019,Female,21.37865632068586
England,stroke,1969,Male,93.1913
England,stroke,1971,Male,87.87521
England,stroke,1973,Male,84.99495
England,stroke,1975,Male,78.69699
England,stroke,1977,Male,73.08526
England,stroke,1979,Male,71.96687
England,stroke,1981,Male,63.88852
England,stroke,1983,Male,59.74152
England,stroke,1985,Male,57.96043
England,stroke,1987,Male,53.19979
England,stroke,1989,Male,48.97545
England,stroke,1991,Male,46.74019
England,stroke,1993,Male,39.79865
England,stroke,1994,Male,41.6488983930942
England,stroke,1995,Male,41.280024777028984
England,stroke,1996,Male,41.01601911575829
England,stroke,1997,Male,39.10456680192967
England,stroke,1998,Male,37.79887138512375
England,stroke,1999,Male,35.7813220660745
England,stroke,2000,Male,32.469781564391845
England,stroke,2001,Male,34.23660318258864
England,stroke,2002,Male,33.508927208005986
England,stroke,2003,Male,31.047602875659663
England,stroke,2004,Male,28.600773994459527
England,stroke,2005,Male,25.915349478685798
England,stroke,2006,Male,23.69171309456487
England,stroke,2007,Male,22.121478733773642
England,stroke,2008,Male,20.991169784551598
England,stroke,2009,Male,19.451135872702704
England,stroke,2010,Male,19.609618985719912
England,stroke,2011,Male,17.228224432533064
England,stroke,2012,Male,15.75289263091464
England,stroke,2013,Male,16.019173650107355
England,stroke,2014,Male,15.522300728456905
England,stroke,2015,Male,15.178172778299693
England,stroke,2016,Male,15.204133426237506
England,stroke,2017,Male,14.45739632518389
England,stroke,2018,Male,14.399867921485445
England,stroke,2019,Male,14.325653172392496
England,stroke,1969,Female,71.58847
England,stroke,1971,Female,67.82583
England,stroke,1973,Female,64.38027
England,stroke,1975,Female,59.26326
England,stroke,1977,Female,56.16011
England,stroke,1979,Female,54.17629
England,stroke,1981,Female,48.36316
England,stroke,1983,Female,45.15651
England,stroke,1985,Female,43.65662
England,stroke,1987,Female,40.41303
England,stroke,1989,Female,36.78939
England,stroke,1991,Female,34.07167
England,stroke,1993,Female,30.47243
England,stroke,1994,Female,31.74341768665364
England,stroke,1995,Female,31.532696656932288
England,stroke,1996,Female,31.13418662007999
England,stroke,1997,Female,29.621714908585112
England,stroke,1998,Female,28.909320053795373
England,stroke,1999,Female,27.75738259729651
England,stroke,2000,Female,25.014328215657972
England,stroke,2001,Female,25.322497008727296
England,stroke,2002,Female,24.137512510090673
England,stroke,2003,Female,23.426589911734496
England,stroke,2004,Female,20.92180998978473
England,stroke,2005,Female,19.6772867091569
England,stroke,2006,Female,18.07793344295443
England,stroke,2007,Female,17.049972548318284
England,stroke,2008,Female,15.426346963219382
England,stroke,2009,Female,14.312309864251711
England,stroke,2010,Female,14.064572380942426
England,stroke,2011,Female,12.679688155467781
England,stroke,2012,Female,12.572671345801435
England,stroke,2013,Female,11.557069460956237
England,stroke,2014,Female,11.654161523553594
England,stroke,2015,Female,11.832519161655252
England,stroke,2016,Female,11.58449828093802
England,stroke,2017,Female,10.638405131599487
England,stroke,2018,Female,11.074577690536831
England,stroke,2019,Female,10.196594579465973
Northern Ireland,stroke,1969,Male,103.0467
Northern Ireland,stroke,1971,Male,101.8093
Northern Ireland,stroke,1973,Male,107.4946
Northern Ireland,stroke,1975,Male,99.26231
Northern Ireland,stroke,1977,Male,94.50183
Northern Ireland,stroke,1979,Male,95.79849
Northern Ireland,stroke,1981,Male,75.87665
Northern Ireland,stroke,1983,Male,72.44411
Northern Ireland,stroke,1985,Male,68.83583
Northern Ireland,stroke,1987,Male,58.2794
Northern Ireland,stroke,1989,Male,60.39778
Northern Ireland,stroke,1991,Male,47.65887
Northern Ireland,stroke,1993,Male,45.75106
Northern Ireland,stroke,1994,Male,53.04185882809382
Northern Ireland,stroke,1995,Male,46.1768276511981
Northern Ireland,stroke,1996,Male,43.58521291174585
Northern Ireland,stroke,1997,Male,47.20648314867968
Northern Ireland,stroke,1998,Male,45.31988509090025
Northern Ireland,stroke,1999,Male,43.415848802873974
Northern Ireland,stroke,2000,Male,32.53388704469064
Northern Ireland,stroke,2001,Male,30.250482221604464
Northern Ireland,stroke,2002,Male,37.978538743577325
Northern Ireland,stroke,2003,Male,33.4360434984596
Northern Ireland,stroke,2004,Male,29.753830896187207
Northern Ireland,stroke,2005,Male,26.906708990815567
Northern Ireland,stroke,2006,Male,26.423163746838316
Northern Ireland,stroke,2007,Male,20.3383243278296
Northern Ireland,stroke,2008,Male,21.809274286982838
Northern Ireland,stroke,2009,Male,20.043490057912496
Northern Ireland,stroke,2010,Male,22.35499376595513
Northern Ireland,stroke,2011,Male,19.625330197029367
Northern Ireland,stroke,2012,Male,16.120831806543837
Northern Ireland,stroke,2013,Male,15.364694865448799
Northern Ireland,stroke,2014,Male,16.688117199566452
Northern Ireland,stroke,2015,Male,15.357162953951503
Northern Ireland,stroke,2016,Male,17.217665049551016
Northern Ireland,stroke,2017,Male,14.703049896614592
Northern Ireland,stroke,2018,Male,13.517340851985088
Northern Ireland,stroke,2019,Male,13.690991280466262
Northern Ireland,stroke,1969,Female,93.18204
Northern Ireland,stroke,1971,Female,97.43773
Northern Ireland,stroke,1973,Female,90.08401
Northern Ireland,stroke,1975,Female,81.16209
Northern Ireland,stroke,1977,Female,73.51279
Northern Ireland,stroke,1979,Female,74.00478
Northern Ireland,stroke,1981,Female,59.40721
Northern Ireland,stroke,1983,Female,69.39622
Northern Ireland,stroke,1985,Female,53.96458
Northern Ireland,stroke,1987,Female,43.45352
Northern Ireland,stroke,1989,Female,42.9875
Northern Ireland,stroke,1991,Female,42.21372
Northern Ireland,stroke,1993,Female,33.4169
Northern Ireland,stroke,1994,Female,40.77394332776122
Northern Ireland,stroke,1995,Female,38.177980256108455
Northern Ireland,stroke,1996,Female,33.46751235280958
Northern Ireland,stroke,1997,Female,32.56600943410982
Northern Ireland,stroke,1998,Female,30.685326527873546
Northern Ireland,stroke,1999,Female,32.232237308691985
Northern Ireland,stroke,2000,Female,26.264705014557325
Northern Ireland,stroke,2001,Female,25.212593908315984
Northern Ireland,stroke,2002,Female,27.49508335766906
Northern Ireland,stroke,2003,Female,21.459778815468457
Northern Ireland,stroke,2004,Female,23.60689266530709
Northern Ireland,stroke,2005,Female,17.83203754289275
Northern Ireland,stroke,2006,Female,19.115501481418583
Northern Ireland,stroke,2007,Female,19.614980585173864
Northern Ireland,stroke,2008,Female,19.379356980218418
Northern Ireland,stroke,2009,Female,14.888493822908494
Northern Ireland,stroke,2010,Female,18.138116267035798
Northern Ireland,stroke,2011,Female,13.783670906430594
Northern Ireland,stroke,2012,Female,11.473033813320741
Northern Ireland,stroke,2013,Female,13.676216677435331
Northern Ireland,stroke,2014,Female,11.263396092931892
Northern Ireland,stroke,2015,Female,12.978623522523232
Northern Ireland,stroke,2016,Female,13.541683405723164
Northern Ireland,stroke,2017,Female,12.380132024447052
Northern Ireland,stroke,2018,Female,12.753630255063648
Northern Ireland,stroke,2019,Female,9.347254538692
Scotland,stroke,1969,Male,120.4529
Scotland,stroke,1971,Male,121.5035
Scotland,stroke,1973,Male,122.471
Scotland,stroke,1975,Male,118.3691
Scotland,stroke,1977,Male,95.33339
Scotland,stroke,1979,Male,102.3775
Scotland,stroke,1981,Male,92.43944
Scotland,stroke,1983,Male,82.75007
Scotland,stroke,1985,Male,81.13033
Scotland,stroke,1987,Male,73.1123
Scotland,stroke,1989,Male,71.94284
Scotland,stroke,1991,Male,64.99357
Scotland,stroke,1993,Male,62.35852
Scotland,stroke,1994,Male,63.32363466799419
Scotland,stroke,1995,Male,63.716117378067175
Scotland,stroke,1996,Male,56.74045171043238
Scotland,stroke,1997,Male,54.30971579124201
Scotland,stroke,1998,Male,52.63011231240782
Scotland,stroke,1999,Male,47.29265876206494
Scotland,stroke,2000,Male,48.575626411945976
Scotland,stroke,2001,Male,44.16182492150906
Scotland,stroke,2002,Male,42.47775694197907
Scotland,stroke,2003,Male,41.47494659981639
Scotland,stroke,2004,Male,36.649935041183745
Scotland,stroke,2005,Male,32.75869928465113
Scotland,stroke,2006,Male,32.94358590922755
Scotland,stroke,2007,Male,31.22744570306658
Scotland,stroke,2008,Male,33.08753843829737
Scotland,stroke,2009,Male,27.04905171835042
Scotland,stroke,2010,Male,25.253330468084428
Scotland,stroke,2011,Male,25.54679116135087
Scotland,stroke,2012,Male,21.72255136553683
Scotland,stroke,2013,Male,22.778297131575684
Scotland,stroke,2014,Male,19.416009087700317
Scotland,stroke,2015,Male,20.83009486876465
Scotland,stroke,2016,Male,21.071630738440565
Scotland,stroke,2017,Male,18.852960483921112
Scotland,stroke,2018,Male,19.212740797003644
Scotland,stroke,2019,Male,17.84887975258163
Scotland,stroke,1969,Female,103.988
Scotland,stroke,1971,Female,96.626
Scotland,stroke,1973,Female,91.23448
Scotland,stroke,1975,Female,87.15192
Scotland,stroke,1977,Female,78.28344
Scotland,stroke,1979,Female,79.19424
Scotland,stroke,1981,Female,72.77193
Scotland,stroke,1983,Female,65.51275
Scotland,stroke,1985,Female,61.50225
Scotland,stroke,1987,Female,53.69011
Scotland,stroke,1989,Female,55.37318
Scotland,stroke,1991,Female,48.04718
Scotland,stroke,1993,Female,46.63832
Scotland,stroke,1994,Female,51.37705821341884
Scotland,stroke,1995,Female,46.351445902387916
Scotland,stroke,1996,Female,38.88725874890741
Scotland,stroke,1997,Female,40.042208315676625
Scotland,stroke,1998,Female,37.60645722207756
Scotland,stroke,1999,Female,36.91149057012897
Scotland,stroke,2000,Female,36.006231107428114
Scotland,stroke,2001,Female,34.45705674838006
Scotland,stroke,2002,Female,32.78936567419666
Scotland,stroke,2003,Female,30.666384870036847
Scotland,stroke,2004,Female,27.93458846092148
Scotland,stroke,2005,Female,26.304104017001148
Scotland,stroke,2006,Female,23.56984637301583
Scotland,stroke,2007,Female,22.299122539579965
Scotland,stroke,2008,Female,22.512047074299986
Scotland,stroke,2009,Female,21.389538388651896
Scotland,stroke,2010,Female,17.980384624184055
Scotland,stroke,2011,Female,17.597018552298376
Scotland,stroke,2012,Female,18.382760437187866
Scotland,stroke,2013,Female,18.160496940996676
Scotland,stroke,2014,Female,15.552588173185132
Scotland,stroke,2015,Female,15.931953155496593
Scotland,stroke,2016,Female,16.43056841092839
Scotland,stroke,2017,Female,14.072748773718724
Scotland,stroke,2018,Female,14.51039234652708
Scotland,stroke,2019,Female,14.708888466540381
United Kingdom,stroke,1969,Male,96.65511
United Kingdom,stroke,1971,Male,92.19957
United Kingdom,stroke,1973,Male,89.59525
United Kingdom,stroke,1975,Male,83.6453
United Kingdom,stroke,1977,Male,76.12653
United Kingdom,stroke,1979,Male,75.79668
United Kingdom,stroke,1981,Male,67.24178
United Kingdom,stroke,1983,Male,62.41749
United Kingdom,stroke,1985,Male,60.57917
United Kingdom,stroke,1987,Male,55.16774
United Kingdom,stroke,1989,Male,51.29991
United Kingdom,stroke,1991,Male,48.67311
United Kingdom,stroke,1993,Male,41.94706
United Kingdom,stroke,1994,Male,43.74469345639321
United Kingdom,stroke,1995,Male,43.44361954751712
United Kingdom,stroke,1996,Male,42.56507245501713
United Kingdom,stroke,1997,Male,40.95348001145928
United Kingdom,stroke,1998,Male,39.543102697279316
United Kingdom,stroke,1999,Male,37.20238701447726
United Kingdom,stroke,2000,Male,34.14670929164381
United Kingdom,stroke,2001,Male,34.99216686007927
United Kingdom,stroke,2002,Male,34.50980562248949
United Kingdom,stroke,2003,Male,32.24026962601286
United Kingdom,stroke,2004,Male,29.364846707661993
United Kingdom,stroke,2005,Male,26.654474049954715
United Kingdom,stroke,2006,Male,24.690571154634654
United Kingdom,stroke,2007,Male,23.06586886444686
United Kingdom,stroke,2008,Male,22.216821759428534
United Kingdom,stroke,2009,Male,20.14167450043292
United Kingdom,stroke,2010,Male,20.151101168564246
United Kingdom,stroke,2011,Male,18.135123188864704
United Kingdom,stroke,2012,Male,16.496937618694687
United Kingdom,stroke,2013,Male,16.65003178477142
United Kingdom,stroke,2014,Male,16.0711921526054
United Kingdom,stroke,2015,Male,15.666001802436066
United Kingdom,stroke,2016,Male,15.856976635753085
United Kingdom,stroke,2017,Male,14.945721826564963
United Kingdom,stroke,2018,Male,14.875865500420362
United Kingdom,stroke,2019,Male,14.745934162983302
United Kingdom,stroke,1969,Female,75.97427
United Kingdom,stroke,1971,Female,71.77949
United Kingdom,stroke,1973,Female,68.18342
United Kingdom,stroke,1975,Female,62.83973
United Kingdom,stroke,1977,Female,59.36091
United Kingdom,stroke,1979,Female,57.44106
United Kingdom,stroke,1981,Female,51.29841
United Kingdom,stroke,1983,Female,48.00162
United Kingdom,stroke,1985,Female,45.92365
United Kingdom,stroke,1987,Female,41.94447
United Kingdom,stroke,1989,Female,38.98825
United Kingdom,stroke,1991,Female,35.65007
United Kingdom,stroke,1993,Female,32.08163
United Kingdom,stroke,1994,Female,33.96911047734941
United Kingdom,stroke,1995,Female,33.17965422611616
United Kingdom,stroke,1996,Female,32.07269086136998
United Kingdom,stroke,1997,Female,30.80453620270618
United Kingdom,stroke,1998,Female,29.92148547979701
United Kingdom,stroke,1999,Female,28.793404073214894
United Kingdom,stroke,2000,Female,26.06918527042262
United Kingdom,stroke,2001,Female,26.263230141518005
United Kingdom,stroke,2002,Female,25.26783587920467
United Kingdom,stroke,2003,Female,24.25030161004983
United Kingdom,stroke,2004,Female,21.772710030832094
United Kingdom,stroke,2005,Female,20.365138564992588
United Kingdom,stroke,2006,Female,18.713645213353935
United Kingdom,stroke,2007,Female,17.73783631898659
United Kingdom,stroke,2008,Female,16.359580302006133
United Kingdom,stroke,2009,Female,15.121306516537274
United Kingdom,stroke,2010,Female,14.698709208251145
United Kingdom,stroke,2011,Female,13.354472059802436
United Kingdom,stroke,2012,Female,13.119384836714142
United Kingdom,stroke,2013,Female,12.260854720435413
United Kingdom,stroke,2014,Female,12.069883910575854
United Kingdom,stroke,2015,Female,12.317169404527178
United Kingdom,stroke,2016,Female,12.176196223599023
United Kingdom,stroke,2017,Female,11.035465547261111
United Kingdom,stroke,2018,Female,11.478085279260018
United Kingdom,stroke,2019,Female,10.765337768961324
Wales,stroke,1969,Male,108.8518
Wales,stroke,1971,Male,107.824
Wales,stroke,1973,Male,100.3828
Wales,stroke,1975,Male,97.89152
Wales,stroke,1977,Male,85.12888
Wales,stroke,1979,Male,84.66485
Wales,stroke,1981,Male,75.70435
Wales,stroke,1983,Male,67.64285
Wales,stroke,1985,Male,65.42119
Wales,stroke,1987,Male,56.31918
Wales,stroke,1989,Male,50.93003
Wales,stroke,1991,Male,53.03394
Wales,stroke,1993,Male,41.42968
Wales,stroke,1994,Male,41.362349778120844
Wales,stroke,1995,Male,43.57735452025207
Wales,stroke,1996,Male,43.48690028057574
Wales,stroke,1997,Male,45.46483438408057
Wales,stroke,1998,Male,42.99432235867527
Wales,stroke,1999,Male,40.361676265663164
Wales,stroke,2000,Male,37.80242481439481
Wales,stroke,2001,Male,34.294139333804004
Wales,stroke,2002,Male,35.70115938598687
Wales,stroke,2003,Male,35.301965079915455
Wales,stroke,2004,Male,29.387606976595514
Wales,stroke,2005,Male,28.144312470658495
Wales,stroke,2006,Male,25.942159502856423
Wales,stroke,2007,Male,25.53789687097929
Wales,stroke,2008,Male,23.82040338032389
Wales,stroke,2009,Male,19.631079341898836
Wales,stroke,2010,Male,19.356814950390014
Wales,stroke,2011,Male,19.629311169714814
Wales,stroke,2012,Male,19.816309677888167
Wales,stroke,2013,Male,17.255318789381423
Wales,stroke,2014,Male,18.973274698070455
Wales,stroke,2015,Male,15.136078613908966
Wales,stroke,2016,Male,17.12715566082245
Wales,stroke,2017,Male,16.539073975555098
Wales,stroke,2018,Male,16.076802459300726
Wales,stroke,2019,Male,15.417274930175328
Wales,stroke,1969,Female,89.1442
Wales,stroke,1971,Female,79.92027
Wales,stroke,1973,Female,78.94993
Wales,stroke,1975,Female,68.89345
Wales,stroke,1977,Female,71.12635
Wales,stroke,1979,Female,64.27897
Wales,stroke,1981,Female,57.13921
Wales,stroke,1983,Female,53.47932
Wales,stroke,1985,Female,51.338
Wales,stroke,1987,Female,45.30577
Wales,stroke,1989,Female,43.61403
Wales,stroke,1991,Female,36.08617
Wales,stroke,1993,Female,31.7255
Wales,stroke,1994,Female,36.01177205202156
Wales,stroke,1995,Female,34.05502524320718
Wales,stroke,1996,Female,34.37070102170435
Wales,stroke,1997,Female,32.56775211539615
Wales,stroke,1998,Female,32.025369761787104
Wales,stroke,1999,Female,29.35859438349753
Wales,stroke,2000,Female,25.169220199893708
Wales,stroke,2001,Female,27.43483925209725
Wales,stroke,2002,Female,28.76227749604693
Wales,stroke,2003,Female,27.374849254228728
Wales,stroke,2004,Female,23.716899614792194
Wales,stroke,2005,Female,22.056679797422618
Wales,stroke,2006,Female,20.12123317497988
Wales,stroke,2007,Female,19.68865703767085
Wales,stroke,2008,Female,18.85915100735014
Wales,stroke,2009,Female,17.106605220606713
Wales,stroke,2010,Female,17.40880671499968
Wales,stroke,2011,Female,16.49045905572117
Wales,stroke,2012,Female,13.526958575003903
Wales,stroke,2013,Female,12.6356963820161
Wales,stroke,2014,Female,13.21054358385676
Wales,stroke,2015,Female,13.71689287752279
Wales,stroke,2016,Female,13.85122565835263
Wales,stroke,2017,Female,11.70984100878951
Wales,stroke,2018,Female,12.186952007932875
Wales,stroke,2019,Female,12.32179430056339
