nation,condition,year,sex,asdr,Unnamed: 5
England,all_cvd,1969,Male,1244.672,
England,all_cvd,1971,Male,1210.023,
England,all_cvd,1973,Male,1208.624,
England,all_cvd,1975,Male,1177.919,
England,all_cvd,1977,Male,1113.824,
England,all_cvd,1979,Male,1121.234,
England,all_cvd,1981,Male,1045.817,
England,all_cvd,1983,Male,1008.379,
England,all_cvd,1985,Male,993.8508,
England,all_cvd,1987,Male,913.5312,
England,all_cvd,1989,Male,867.0881,
England,all_cvd,1991,Male,839.7933,
England,all_cvd,1993,Male,805.2338,
England,all_cvd,1994,Male,748.792240278894,
England,all_cvd,1995,Male,737.508981917286,
England,all_cvd,1996,Male,721.0483230857676,
England,all_cvd,1997,Male,684.7463264395378,
England,all_cvd,1998,Male,664.9245686727699,
England,all_cvd,1999,Male,637.0943348049076,
England,all_cvd,2000,Male,600.7826156348198,
England,all_cvd,2001,Male,612.1147366806991,
England,all_cvd,2002,Male,598.9953738371478,
England,all_cvd,2003,Male,574.1566059691771,
England,all_cvd,2004,Male,532.7129934257122,
England,all_cvd,2005,Male,503.6169074247536,
England,all_cvd,2006,Male,473.0825134407447,
England,all_cvd,2007,Male,451.00329227333754,
England,all_cvd,2008,Male,439.545232354601,
England,all_cvd,2009,Male,410.7963582437961,
England,all_cvd,2010,Male,399.18386665219055,
England,all_cvd,2011,Male,361.16944846815005,
England,all_cvd,2012,Male,354.8992936442399,
England,all_cvd,2013,Male,352.44221621361123,
England,all_cvd,2014,Male,338.29164719665096,
England,all_cvd,2015,Male,341.148825408052,
England,all_cvd,2016,Male,326.06060123465596,
England,all_cvd,2017,Male,321.25903295573517,
England,all_cvd,2018,Male,314.96816078891624,
England,all_cvd,2019,Male,301.80926467222787,
England,all_cvd,1969,Female,861.0868,
England,all_cvd,1971,Female,816.6653,
England,all_cvd,1973,Female,820.6245,
England,all_cvd,1975,Female,783.9282,
England,all_cvd,1977,Female,739.9105,
England,all_cvd,1979,Female,732.6768,
England,all_cvd,1981,Female,678.0071,
England,all_cvd,1983,Female,648.2121,
England,all_cvd,1985,Female,641.4048,
England,all_cvd,1987,Female,585.2421,
England,all_cvd,1989,Female,562.0878,
England,all_cvd,1991,Female,542.7046,
England,all_cvd,1993,Female,521.2796,
England,all_cvd,1994,Female,485.7970902985223,
England,all_cvd,1995,Female,477.4457854639327,
England,all_cvd,1996,Female,468.6846441901858,
England,all_cvd,1997,Female,448.89899192627956,
England,all_cvd,1998,Female,440.8409429955053,
England,all_cvd,1999,Female,421.25247689335436,
England,all_cvd,2000,Female,394.7374602768325,
England,all_cvd,2001,Female,405.4800819772493,
England,all_cvd,2002,Female,398.24908079551295,
England,all_cvd,2003,Female,391.75540369918815,
England,all_cvd,2004,Female,359.78338319633366,
England,all_cvd,2005,Female,341.0327092197865,
England,all_cvd,2006,Female,319.16428956523305,
England,all_cvd,2007,Female,307.433174466423,
England,all_cvd,2008,Female,303.1404888026271,
England,all_cvd,2009,Female,280.5555927216362,
England,all_cvd,2010,Female,270.9519728982443,
England,all_cvd,2011,Female,249.46093230203613,
England,all_cvd,2012,Female,247.64093445930914,
England,all_cvd,2013,Female,240.090321225644,
England,all_cvd,2014,Female,228.12374903854328,
England,all_cvd,2015,Female,233.26096623615487,
England,all_cvd,2016,Female,220.41604986828773,
England,all_cvd,2017,Female,217.66793353319233,
England,all_cvd,2018,Female,210.47309321988627,
England,all_cvd,2019,Female,200.1282624460687,
England,chd,1971,Male,632.2634,
England,chd,1973,Male,651.5593,
England,chd,1975,Male,648.3201,
England,chd,1977,Male,640.2222,
England,chd,1979,Male,629.226,
England,chd,1981,Male,611.1862,
England,chd,1983,Male,603.897,
England,chd,1985,Male,611.1141,
England,chd,1987,Male,566.6395,
England,chd,1989,Male,536.5577,
England,chd,1991,Male,521.5409,
England,chd,1993,Male,498.0462,
England,chd,1994,Male,458.18007069556336,
England,chd,1995,Male,447.4533143039986,
England,chd,1996,Male,431.8769820818348,
England,chd,1997,Male,407.00356723632143,
England,chd,1998,Male,394.0107808573859,
England,chd,1999,Male,372.0991583767876,
England,chd,2000,Male,351.97453710094294,
England,chd,2001,Male,340.4464897758173,
England,chd,2002,Male,327.68210758456337,
England,chd,2003,Male,311.61524421010995,
England,chd,2004,Male,289.2847323912883,
England,chd,2005,Male,270.7008716770399,
England,chd,2006,Male,250.8130882981778,
England,chd,2007,Male,238.40453713992417,
England,chd,2008,Male,226.50877252479472,
England,chd,2009,Male,211.25797925713732,
England,chd,2010,Male,203.28910539129078,
England,chd,2011,Male,183.17861861255042,
England,chd,2012,Male,177.63028098334922,
England,chd,2013,Male,174.68562984357354,
England,chd,2014,Male,162.96641180890353,
England,chd,2015,Male,161.51732842124744,
England,chd,2016,Male,150.74924722077083,
England,chd,2017,Male,149.65624853731057,
England,chd,2018,Male,143.72463376691783,
England,chd,2019,Male,137.6147111917024,
England,chd,1969,Female,,
England,chd,1971,Female,316.2519,
England,chd,1973,Female,330.5972,
England,chd,1975,Female,325.9017,
England,chd,1977,Female,321.8176,
England,chd,1979,Female,304.9761,
England,chd,1981,Female,300.6712,
England,chd,1983,Female,297.2569,
England,chd,1985,Female,307.7126,
England,chd,1987,Female,286.0981,
England,chd,1989,Female,277.8279,
England,chd,1991,Female,273.4628,
England,chd,1993,Female,260.4347,
England,chd,1994,Female,239.79755188211755,
England,chd,1995,Female,230.81331049799934,
England,chd,1996,Female,223.6394102655843,
England,chd,1997,Female,211.68806534385726,
England,chd,1998,Female,206.69072700922885,
England,chd,1999,Female,193.0183840826621,
England,chd,2000,Female,179.6480278619701,
England,chd,2001,Female,174.91890427264147,
England,chd,2002,Female,168.85886914720888,
England,chd,2003,Female,163.83696601803982,
England,chd,2004,Female,149.0345697074068,
England,chd,2005,Female,139.09557622643817,
England,chd,2006,Female,128.18899261029617,
England,chd,2007,Female,121.66263829383401,
England,chd,2008,Female,116.33222607403914,
England,chd,2009,Female,104.81325551238358,
England,chd,2010,Female,98.6981139539208,
England,chd,2011,Female,88.18400663313346,
England,chd,2012,Female,86.52525463036181,
England,chd,2013,Female,83.36195818005864,
England,chd,2014,Female,76.10319395758285,
England,chd,2015,Female,75.01322342806611,
England,chd,2016,Female,68.92742274953112,
England,chd,2017,Female,67.25609214310082,
England,chd,2018,Female,62.18611732686944,
England,chd,2019,Female,59.99209031210389,
England,stroke,1969,Male,306.9765,
England,stroke,1971,Male,297.4583,
England,stroke,1973,Male,289.9443,
England,stroke,1975,Male,268.2942,
England,stroke,1977,Male,242.9467,
England,stroke,1979,Male,242.6187,
England,stroke,1981,Male,220.0419,
England,stroke,1983,Male,205.7564,
England,stroke,1985,Male,218.5819,
England,stroke,1987,Male,197.7436,
England,stroke,1989,Male,189.8871,
England,stroke,1991,Male,188.6407,
England,stroke,1993,Male,159.8409,
England,stroke,1994,Male,151.20427379490872,
England,stroke,1995,Male,150.51672343213596,
England,stroke,1996,Male,150.30715736962884,
England,stroke,1997,Male,144.29806172736815,
England,stroke,1998,Male,140.7417387608242,
England,stroke,1999,Male,134.15578137303433,
England,stroke,2000,Male,124.2095397855721,
England,stroke,2001,Male,143.8612100827183,
England,stroke,2002,Male,145.09653863972304,
England,stroke,2003,Male,137.8910630103909,
England,stroke,2004,Male,125.26627150443078,
England,stroke,2005,Male,116.9147667524369,
England,stroke,2006,Male,111.41124473044958,
England,stroke,2007,Male,103.60744874597535,
England,stroke,2008,Male,102.43177425510954,
England,stroke,2009,Male,93.88358981911642,
England,stroke,2010,Male,91.43710480714581,
England,stroke,2011,Male,75.264931181209,
England,stroke,2012,Male,71.4555542885899,
England,stroke,2013,Male,68.7251313052107,
England,stroke,2014,Male,67.40918037419942,
England,stroke,2015,Male,67.30913734657695,
England,stroke,2016,Male,62.72965310997065,
England,stroke,2017,Male,59.551015948940105,
England,stroke,2018,Male,57.221115401428285,
England,stroke,2019,Male,54.28996696559682,
England,stroke,1969,Female,278.0431,
England,stroke,1971,Female,267.5775,
England,stroke,1973,Female,262.8578,
England,stroke,1975,Female,245.2563,
England,stroke,1977,Female,226.8575,
England,stroke,1979,Female,222.7136,
England,stroke,1981,Female,201.3562,
England,stroke,1983,Female,191.0855,
England,stroke,1985,Female,199.3091,
England,stroke,1987,Female,183.7248,
England,stroke,1989,Female,173.7548,
England,stroke,1991,Female,170.0999,
England,stroke,1993,Female,148.8489,
England,stroke,1994,Female,141.3854087670089,
England,stroke,1995,Female,141.2323652971802,
England,stroke,1996,Female,140.79142461896294,
England,stroke,1997,Female,134.63820486751928,
England,stroke,1998,Female,132.98297149448405,
England,stroke,1999,Female,129.71362374718728,
England,stroke,2000,Female,119.66633815201219,
England,stroke,2001,Female,131.95676460665774,
England,stroke,2002,Female,131.2456967120761,
England,stroke,2003,Female,128.75236035606406,
England,stroke,2004,Female,117.00199121561401,
England,stroke,2005,Female,110.73443657652183,
England,stroke,2006,Female,103.27152172348552,
England,stroke,2007,Female,98.80970236868248,
England,stroke,2008,Female,97.32633157633725,
England,stroke,2009,Female,89.49562514529202,
England,stroke,2010,Female,87.10187532947499,
England,stroke,2011,Female,70.35512224334757,
England,stroke,2012,Female,69.12330962169459,
England,stroke,2013,Female,65.07698552100572,
England,stroke,2014,Female,61.313288930829216,
England,stroke,2015,Female,62.69286596605665,
England,stroke,2016,Female,56.69871251831962,
England,stroke,2017,Female,54.68025494280014,
England,stroke,2018,Female,52.861016313236824,
England,stroke,2019,Female,48.50806833867926,
Northern Ireland,all_cvd,1969,Male,1423.198,
Northern Ireland,all_cvd,1971,Male,1508.222,
Northern Ireland,all_cvd,1973,Male,1545.672,
Northern Ireland,all_cvd,1975,Male,1427.916,
Northern Ireland,all_cvd,1977,Male,1509.581,
Northern Ireland,all_cvd,1979,Male,1435.116,
Northern Ireland,all_cvd,1981,Male,1247.311,
Northern Ireland,all_cvd,1983,Male,1142.095,
Northern Ireland,all_cvd,1985,Male,1061.943,
Northern Ireland,all_cvd,1987,Male,990.8415,
Northern Ireland,all_cvd,1989,Male,962.9438,
Northern Ireland,all_cvd,1991,Male,865.9388,
Northern Ireland,all_cvd,1993,Male,864.5191,
Northern Ireland,all_cvd,1994,Male,848.2946492854875,
Northern Ireland,all_cvd,1995,Male,834.1402590169531,
Northern Ireland,all_cvd,1996,Male,789.0554156298791,
Northern Ireland,all_cvd,1997,Male,773.8398764574015,
Northern Ireland,all_cvd,1998,Male,735.9984814816797,
Northern Ireland,all_cvd,1999,Male,731.478460800771,
Northern Ireland,all_cvd,2000,Male,652.5780202532568,
Northern Ireland,all_cvd,2001,Male,659.3940102604712,
Northern Ireland,all_cvd,2002,Male,629.0461892856042,
Northern Ireland,all_cvd,2003,Male,592.009618211997,
Northern Ireland,all_cvd,2004,Male,561.144189643209,
Northern Ireland,all_cvd,2005,Male,535.1447513334747,
Northern Ireland,all_cvd,2006,Male,494.0975464534505,
Northern Ireland,all_cvd,2007,Male,499.6935999322498,
Northern Ireland,all_cvd,2008,Male,479.41157863265386,
Northern Ireland,all_cvd,2009,Male,436.66629422242227,
Northern Ireland,all_cvd,2010,Male,430.53973169040785,
Northern Ireland,all_cvd,2011,Male,389.2343736608931,
Northern Ireland,all_cvd,2012,Male,372.74295750796,
Northern Ireland,all_cvd,2013,Male,362.4799061580679,
Northern Ireland,all_cvd,2014,Male,343.1125011245778,
Northern Ireland,all_cvd,2015,Male,342.1170092753374,
Northern Ireland,all_cvd,2016,Male,318.9001907401456,
Northern Ireland,all_cvd,2017,Male,335.09744519811517,
Northern Ireland,all_cvd,2018,Male,313.0109532644644,
Northern Ireland,all_cvd,2019,Male,310.84180661439507,
Northern Ireland,all_cvd,1969,Female,1061.935,
Northern Ireland,all_cvd,1971,Female,1029.305,
Northern Ireland,all_cvd,1973,Female,1046.811,
Northern Ireland,all_cvd,1975,Female,960.981,
Northern Ireland,all_cvd,1977,Female,969.1129,
Northern Ireland,all_cvd,1979,Female,903.8564,
Northern Ireland,all_cvd,1981,Female,785.722,
Northern Ireland,all_cvd,1983,Female,742.8849,
Northern Ireland,all_cvd,1985,Female,713.142,
Northern Ireland,all_cvd,1987,Female,651.5502,
Northern Ireland,all_cvd,1989,Female,614.9804,
Northern Ireland,all_cvd,1991,Female,565.1122,
Northern Ireland,all_cvd,1993,Female,558.3378,
Northern Ireland,all_cvd,1994,Female,570.2572301883081,
Northern Ireland,all_cvd,1995,Female,546.5319462946989,
Northern Ireland,all_cvd,1996,Female,520.7790050589488,
Northern Ireland,all_cvd,1997,Female,497.0043897519678,
Northern Ireland,all_cvd,1998,Female,486.01311981650514,
Northern Ireland,all_cvd,1999,Female,499.0175791353615,
Northern Ireland,all_cvd,2000,Female,443.4152685571628,
Northern Ireland,all_cvd,2001,Female,447.20152633827524,
Northern Ireland,all_cvd,2002,Female,436.5455417221155,
Northern Ireland,all_cvd,2003,Female,407.0987812799388,
Northern Ireland,all_cvd,2004,Female,385.7168910480999,
Northern Ireland,all_cvd,2005,Female,353.70919232224475,
Northern Ireland,all_cvd,2006,Female,347.42331995494857,
Northern Ireland,all_cvd,2007,Female,329.09913230206763,
Northern Ireland,all_cvd,2008,Female,320.10269200078125,
Northern Ireland,all_cvd,2009,Female,300.20402035855705,
Northern Ireland,all_cvd,2010,Female,284.64428752822135,
Northern Ireland,all_cvd,2011,Female,257.1587375112918,
Northern Ireland,all_cvd,2012,Female,261.0555311531829,
Northern Ireland,all_cvd,2013,Female,248.80517002034884,
Northern Ireland,all_cvd,2014,Female,228.66413702575053,
Northern Ireland,all_cvd,2015,Female,229.79512326239288,
Northern Ireland,all_cvd,2016,Female,219.47499153274651,
Northern Ireland,all_cvd,2017,Female,218.1734758779583,
Northern Ireland,all_cvd,2018,Female,208.5571668865114,
Northern Ireland,all_cvd,2019,Female,204.2705691286237,
Northern Ireland,chd,1969,Male,,
Northern Ireland,chd,1971,Male,-,
Northern Ireland,chd,1973,Male,-,
Northern Ireland,chd,1975,Male,785.827,
Northern Ireland,chd,1977,Male,855.5481,
Northern Ireland,chd,1979,Male,799.5095,
Northern Ireland,chd,1981,Male,747.2279,
Northern Ireland,chd,1983,Male,721.5676,
Northern Ireland,chd,1985,Male,675.2354,
Northern Ireland,chd,1987,Male,637.3665,
Northern Ireland,chd,1989,Male,627.8387,
Northern Ireland,chd,1991,Male,574.1066,
Northern Ireland,chd,1993,Male,551.6044,
Northern Ireland,chd,1994,Male,538.9143406274894,
Northern Ireland,chd,1995,Male,526.5436302246758,
Northern Ireland,chd,1996,Male,489.10522893737925,
Northern Ireland,chd,1997,Male,482.40581357372923,
Northern Ireland,chd,1998,Male,463.98558293748295,
Northern Ireland,chd,1999,Male,446.4378953029406,
Northern Ireland,chd,2000,Male,407.0170067546771,
Northern Ireland,chd,2001,Male,386.5639323450615,
Northern Ireland,chd,2002,Male,348.5862623862021,
Northern Ireland,chd,2003,Male,340.4026014169386,
Northern Ireland,chd,2004,Male,323.16495573623325,
Northern Ireland,chd,2005,Male,319.8145314092371,
Northern Ireland,chd,2006,Male,283.9500858388801,
Northern Ireland,chd,2007,Male,283.1209365745992,
Northern Ireland,chd,2008,Male,268.69297796546937,
Northern Ireland,chd,2009,Male,247.3517428180255,
Northern Ireland,chd,2010,Male,240.50716247892632,
Northern Ireland,chd,2011,Male,212.94869091521988,
Northern Ireland,chd,2012,Male,202.09058810738466,
Northern Ireland,chd,2013,Male,188.45021897288925,
Northern Ireland,chd,2014,Male,178.3958770270222,
Northern Ireland,chd,2015,Male,172.94788532646976,
Northern Ireland,chd,2016,Male,152.87545916933652,
Northern Ireland,chd,2017,Male,158.52767731422563,
Northern Ireland,chd,2018,Male,142.3915383458677,
Northern Ireland,chd,2019,Male,144.457397849303,
Northern Ireland,chd,1969,Female,,
Northern Ireland,chd,1971,Female,-,
Northern Ireland,chd,1973,Female,-,
Northern Ireland,chd,1975,Female,408.4939,
Northern Ireland,chd,1977,Female,427.9182,
Northern Ireland,chd,1979,Female,393.9103,
Northern Ireland,chd,1981,Female,366.9242,
Northern Ireland,chd,1983,Female,355.0284,
Northern Ireland,chd,1985,Female,359.7323,
Northern Ireland,chd,1987,Female,333.6891,
Northern Ireland,chd,1989,Female,327.2025,
Northern Ireland,chd,1991,Female,296.5229,
Northern Ireland,chd,1993,Female,294.1455,
Northern Ireland,chd,1994,Female,301.4332591091022,
Northern Ireland,chd,1995,Female,289.4265350767721,
Northern Ireland,chd,1996,Female,270.4860041565847,
Northern Ireland,chd,1997,Female,252.92121053508066,
Northern Ireland,chd,1998,Female,244.6609540698105,
Northern Ireland,chd,1999,Female,239.4486229758193,
Northern Ireland,chd,2000,Female,214.85695990396368,
Northern Ireland,chd,2001,Female,210.96743354736384,
Northern Ireland,chd,2002,Female,196.97737487800583,
Northern Ireland,chd,2003,Female,184.45484675594636,
Northern Ireland,chd,2004,Female,174.3081302746378,
Northern Ireland,chd,2005,Female,164.37052215677076,
Northern Ireland,chd,2006,Female,156.67116477483867,
Northern Ireland,chd,2007,Female,144.6632590802025,
Northern Ireland,chd,2008,Female,137.72874410076264,
Northern Ireland,chd,2009,Female,131.59836194494207,
Northern Ireland,chd,2010,Female,120.80089077023635,
Northern Ireland,chd,2011,Female,96.75726902534963,
Northern Ireland,chd,2012,Female,99.69681319749435,
Northern Ireland,chd,2013,Female,95.98853058304178,
Northern Ireland,chd,2014,Female,83.6851213558809,
Northern Ireland,chd,2015,Female,86.54826262783047,
Northern Ireland,chd,2016,Female,71.36366682060826,
Northern Ireland,chd,2017,Female,71.19637191399643,
Northern Ireland,chd,2018,Female,61.29551454022696,
Northern Ireland,chd,2019,Female,64.85432090827561,
Northern Ireland,stroke,1969,Male,333.784,
Northern Ireland,stroke,1971,Male,385.9849,
Northern Ireland,stroke,1973,Male,413.26,
Northern Ireland,stroke,1975,Male,327.5876,
Northern Ireland,stroke,1977,Male,344.1632,
Northern Ireland,stroke,1979,Male,340.6658,
Northern Ireland,stroke,1981,Male,240.1101,
Northern Ireland,stroke,1983,Male,235.1606,
Northern Ireland,stroke,1985,Male,222.765,
Northern Ireland,stroke,1987,Male,202.2068,
Northern Ireland,stroke,1989,Male,198.3829,
Northern Ireland,stroke,1991,Male,172.0101,
Northern Ireland,stroke,1993,Male,201.3752,
Northern Ireland,stroke,1994,Male,174.80592466554992,
Northern Ireland,stroke,1995,Male,174.065878736665,
Northern Ireland,stroke,1996,Male,162.80480923510984,
Northern Ireland,stroke,1997,Male,171.37533163614106,
Northern Ireland,stroke,1998,Male,153.45556800658963,
Northern Ireland,stroke,1999,Male,164.65922599539675,
Northern Ireland,stroke,2000,Male,134.09513187292143,
Northern Ireland,stroke,2001,Male,150.71303393541692,
Northern Ireland,stroke,2002,Male,147.1120153296176,
Northern Ireland,stroke,2003,Male,145.67801411889806,
Northern Ireland,stroke,2004,Male,135.6064731392943,
Northern Ireland,stroke,2005,Male,117.26611320457805,
Northern Ireland,stroke,2006,Male,116.9916828095181,
Northern Ireland,stroke,2007,Male,115.92081731914959,
Northern Ireland,stroke,2008,Male,113.54302245443019,
Northern Ireland,stroke,2009,Male,94.71817763559997,
Northern Ireland,stroke,2010,Male,100.30876743802929,
Northern Ireland,stroke,2011,Male,81.74085365013688,
Northern Ireland,stroke,2012,Male,76.96324042501698,
Northern Ireland,stroke,2013,Male,81.50633220831925,
Northern Ireland,stroke,2014,Male,75.80100998010045,
Northern Ireland,stroke,2015,Male,75.58474507413952,
Northern Ireland,stroke,2016,Male,74.13961741354096,
Northern Ireland,stroke,2017,Male,70.7070074132853,
Northern Ireland,stroke,2018,Male,64.70373524131384,
Northern Ireland,stroke,2019,Male,57.85798682286285,
Northern Ireland,stroke,1969,Female,326.7926,
Northern Ireland,stroke,1971,Female,344.6385,
Northern Ireland,stroke,1973,Female,333.091,
Northern Ireland,stroke,1975,Female,312.8914,
Northern Ireland,stroke,1977,Female,314.0173,
Northern Ireland,stroke,1979,Female,276.8789,
Northern Ireland,stroke,1981,Female,252.6917,
Northern Ireland,stroke,1983,Female,238.0132,
Northern Ireland,stroke,1985,Female,189.3352,
Northern Ireland,stroke,1987,Female,191.9112,
Northern Ireland,stroke,1989,Female,183.6019,
Northern Ireland,stroke,1991,Female,171.8968,
Northern Ireland,stroke,1993,Female,164.8413,
Northern Ireland,stroke,1994,Female,170.99994390297678,
Northern Ireland,stroke,1995,Female,161.62677011981648,
Northern Ireland,stroke,1996,Female,157.03105203941158,
Northern Ireland,stroke,1997,Female,150.49079577080693,
Northern Ireland,stroke,1998,Female,148.40391356656377,
Northern Ireland,stroke,1999,Female,156.7554198372089,
Northern Ireland,stroke,2000,Female,139.20161575300054,
Northern Ireland,stroke,2001,Female,140.12124994527028,
Northern Ireland,stroke,2002,Female,141.7226498369412,
Northern Ireland,stroke,2003,Female,134.7094156871897,
Northern Ireland,stroke,2004,Female,124.42125120362857,
Northern Ireland,stroke,2005,Female,110.04743039899179,
Northern Ireland,stroke,2006,Female,109.01189218992114,
Northern Ireland,stroke,2007,Female,109.1742745688058,
Northern Ireland,stroke,2008,Female,106.60030327264361,
Northern Ireland,stroke,2009,Female,93.77730834429266,
Northern Ireland,stroke,2010,Female,93.17299653887716,
Northern Ireland,stroke,2011,Female,83.0193474080418,
Northern Ireland,stroke,2012,Female,80.74194215775074,
Northern Ireland,stroke,2013,Female,76.04165525924444,
Northern Ireland,stroke,2014,Female,66.32978298001422,
Northern Ireland,stroke,2015,Female,63.945020928140764,
Northern Ireland,stroke,2016,Female,62.699505242902234,
Northern Ireland,stroke,2017,Female,61.4970649138992,
Northern Ireland,stroke,2018,Female,57.56229735391261,
Northern Ireland,stroke,2019,Female,50.2885975467091,
Scotland,all_cvd,1969,Male,1480.651,
Scotland,all_cvd,1971,Male,1417.176,
Scotland,all_cvd,1973,Male,1455.633,
Scotland,all_cvd,1975,Male,1381.333,
Scotland,all_cvd,1977,Male,1297.085,
Scotland,all_cvd,1979,Male,1344.063,
Scotland,all_cvd,1981,Male,1248.126,
Scotland,all_cvd,1983,Male,1186.436,
Scotland,all_cvd,1985,Male,1163.32,
Scotland,all_cvd,1987,Male,1096.724,
Scotland,all_cvd,1989,Male,1075.569,
Scotland,all_cvd,1991,Male,971.6486,
Scotland,all_cvd,1993,Male,987.1288,
Scotland,all_cvd,1994,Male,906.8255093906056,
Scotland,all_cvd,1995,Male,882.9103808337363,
Scotland,all_cvd,1996,Male,887.1490060326925,
Scotland,all_cvd,1997,Male,838.7794983140233,
Scotland,all_cvd,1998,Male,801.6296568198253,
Scotland,all_cvd,1999,Male,796.027191929829,
Scotland,all_cvd,2000,Male,741.7015049809305,
Scotland,all_cvd,2001,Male,695.7043943463289,
Scotland,all_cvd,2002,Male,700.5473675850287,
Scotland,all_cvd,2003,Male,696.9174724280274,
Scotland,all_cvd,2004,Male,648.5810695876232,
Scotland,all_cvd,2005,Male,605.6002508196149,
Scotland,all_cvd,2006,Male,561.6534997127209,
Scotland,all_cvd,2007,Male,564.773109121379,
Scotland,all_cvd,2008,Male,524.8349197588005,
Scotland,all_cvd,2009,Male,490.854999315337,
Scotland,all_cvd,2010,Male,482.94974199325054,
Scotland,all_cvd,2011,Male,451.49636393206,
Scotland,all_cvd,2012,Male,436.0017075267376,
Scotland,all_cvd,2013,Male,432.16127451094127,
Scotland,all_cvd,2014,Male,414.20401685832456,
Scotland,all_cvd,2015,Male,433.50539171395405,
Scotland,all_cvd,2016,Male,413.58458903778626,
Scotland,all_cvd,2017,Male,410.3941130098968,
Scotland,all_cvd,2018,Male,404.1731873304333,
Scotland,all_cvd,2019,Male,389.63471352543826,
Scotland,all_cvd,1969,Female,1065.593,
Scotland,all_cvd,1971,Female,976.5259,-
Scotland,all_cvd,1973,Female,994.9348,-
Scotland,all_cvd,1975,Female,918.991,408.4939
Scotland,all_cvd,1977,Female,870.511,427.9182
Scotland,all_cvd,1979,Female,888.612,393.9103
Scotland,all_cvd,1981,Female,814.3022,366.9242
Scotland,all_cvd,1983,Female,777.9233,355.0284
Scotland,all_cvd,1985,Female,762.6289,359.7323
Scotland,all_cvd,1987,Female,716.7131,333.6891
Scotland,all_cvd,1989,Female,706.2087,327.2025
Scotland,all_cvd,1991,Female,652.7794,296.5229
Scotland,all_cvd,1993,Female,663.4879,294.1455
Scotland,all_cvd,1994,Female,610.124041199437,301.4332591091022
Scotland,all_cvd,1995,Female,603.4038942791186,289.4265350767721
Scotland,all_cvd,1996,Female,581.0116577088804,270.4860041565847
Scotland,all_cvd,1997,Female,569.444092015057,252.92121053508066
Scotland,all_cvd,1998,Female,547.6952527033528,244.6609540698105
Scotland,all_cvd,1999,Female,534.8323149065038,239.4486229758193
Scotland,all_cvd,2000,Female,504.6169001724574,214.85695990396368
Scotland,all_cvd,2001,Female,482.482614586402,210.96743354736384
Scotland,all_cvd,2002,Female,490.9196636192982,196.97737487800583
Scotland,all_cvd,2003,Female,469.8155016681487,184.45484675594636
Scotland,all_cvd,2004,Female,448.6948153553279,174.3081302746378
Scotland,all_cvd,2005,Female,425.8002362455538,164.37052215677076
Scotland,all_cvd,2006,Female,398.33240853882114,156.67116477483867
Scotland,all_cvd,2007,Female,383.76960895800397,144.6632590802025
Scotland,all_cvd,2008,Female,376.6247430707627,137.72874410076264
Scotland,all_cvd,2009,Female,352.66925865688575,131.59836194494207
Scotland,all_cvd,2010,Female,333.1258946334355,120.80089077023635
Scotland,all_cvd,2011,Female,319.3102870674371,96.75726902534963
Scotland,all_cvd,2012,Female,321.13486232394865,99.69681319749435
Scotland,all_cvd,2013,Female,306.0665464103354,95.98853058304178
Scotland,all_cvd,2014,Female,289.67768113916134,83.6851213558809
Scotland,all_cvd,2015,Female,307.9125292291263,86.54826262783047
Scotland,all_cvd,2016,Female,287.9332118117526,71.36366682060826
Scotland,all_cvd,2017,Female,290.23776231704505,71.19637191399643
Scotland,all_cvd,2018,Female,279.99361805709066,61.29551454022696
Scotland,all_cvd,2019,Female,274.7350342581933,64.85432090827561
Scotland,chd,1969,Male,,
Scotland,chd,1971,Male,779.3703,
Scotland,chd,1973,Male,817.8948,
Scotland,chd,1975,Male,782.7908,
Scotland,chd,1977,Male,765.4769,
Scotland,chd,1979,Male,758.9706,
Scotland,chd,1981,Male,721.852,
Scotland,chd,1983,Male,720.4457,
Scotland,chd,1985,Male,712.6978,
Scotland,chd,1987,Male,696.0838,
Scotland,chd,1989,Male,665.2706,
Scotland,chd,1991,Male,607.7515,
Scotland,chd,1993,Male,599.1851,
Scotland,chd,1994,Male,550.7771625740485,
Scotland,chd,1995,Male,530.9695109761999,
Scotland,chd,1996,Male,528.7339490411072,
Scotland,chd,1997,Male,489.06544560735153,
Scotland,chd,1998,Male,464.6900876789576,
Scotland,chd,1999,Male,464.0507586002225,
Scotland,chd,2000,Male,419.64278846951976,
Scotland,chd,2001,Male,399.01883385988475,
Scotland,chd,2002,Male,389.2413650680878,
Scotland,chd,2003,Male,388.0224242071621,
Scotland,chd,2004,Male,359.43566825136776,
Scotland,chd,2005,Male,336.96862817502694,
Scotland,chd,2006,Male,303.2304357628324,
Scotland,chd,2007,Male,304.7092359752669,
Scotland,chd,2008,Male,275.01840882623276,
Scotland,chd,2009,Male,258.41843093886234,
Scotland,chd,2010,Male,252.35773316443598,
Scotland,chd,2011,Male,228.6078012196,
Scotland,chd,2012,Male,218.83147296675813,
Scotland,chd,2013,Male,209.88106429349583,
Scotland,chd,2014,Male,197.81659624494617,
Scotland,chd,2015,Male,203.04709126011912,
Scotland,chd,2016,Male,184.7710603174825,
Scotland,chd,2017,Male,185.56083523445375,
Scotland,chd,2018,Male,180.83484872618865,
Scotland,chd,2019,Male,177.0251275828599,
Scotland,chd,1969,Female,,
Scotland,chd,1971,Female,417.6505,
Scotland,chd,1973,Female,440.0806,
Scotland,chd,1975,Female,409.1596,
Scotland,chd,1977,Female,414.4078,
Scotland,chd,1979,Female,374.4843,
Scotland,chd,1981,Female,373.7039,
Scotland,chd,1983,Female,363.7723,
Scotland,chd,1985,Female,378.2321,
Scotland,chd,1987,Female,365.9164,
Scotland,chd,1989,Female,359.5985,
Scotland,chd,1991,Female,331.0862,
Scotland,chd,1993,Female,331.0834,
Scotland,chd,1994,Female,297.6061004270529,
Scotland,chd,1995,Female,291.14182555632175,
Scotland,chd,1996,Female,277.97095510175944,
Scotland,chd,1997,Female,272.2848333600588,
Scotland,chd,1998,Female,256.666710242913,
Scotland,chd,1999,Female,251.94975085216612,
Scotland,chd,2000,Female,233.7784785091728,
Scotland,chd,2001,Female,223.5299525053463,
Scotland,chd,2002,Female,216.87740242543802,
Scotland,chd,2003,Female,207.01583956365658,
Scotland,chd,2004,Female,194.79181918531793,
Scotland,chd,2005,Female,182.56239030504628,
Scotland,chd,2006,Female,170.3250055021046,
Scotland,chd,2007,Female,155.41815608560063,
Scotland,chd,2008,Female,151.28961520769292,
Scotland,chd,2009,Female,137.95866101649148,
Scotland,chd,2010,Female,130.36903676501598,
Scotland,chd,2011,Female,119.82993536044457,
Scotland,chd,2012,Female,116.2676859058702,
Scotland,chd,2013,Female,108.67408337575415,
Scotland,chd,2014,Female,99.52330596775944,
Scotland,chd,2015,Female,102.32209074945804,
Scotland,chd,2016,Female,94.32786740800168,
Scotland,chd,2017,Female,90.11532975185908,
Scotland,chd,2018,Female,86.92222927672492,
Scotland,chd,2019,Female,83.37046553186852,
Scotland,stroke,1969,Male,399.6352,
Scotland,stroke,1971,Male,382.5358,
Scotland,stroke,1973,Male,392.0252,
Scotland,stroke,1975,Male,364.4899,
Scotland,stroke,1977,Male,316.7888,
Scotland,stroke,1979,Male,334.7032,
Scotland,stroke,1981,Male,307.96,
Scotland,stroke,1983,Male,272.3455,
Scotland,stroke,1985,Male,272.4539,
Scotland,stroke,1987,Male,254.6223,
Scotland,stroke,1989,Male,253.1537,
Scotland,stroke,1991,Male,231.8217,
Scotland,stroke,1993,Male,240.6499,
Scotland,stroke,1994,Male,221.76143411160314,
Scotland,stroke,1995,Male,218.37190101531678,
Scotland,stroke,1996,Male,206.13464066480063,
Scotland,stroke,1997,Male,202.6983691570862,
Scotland,stroke,1998,Male,190.31858380696076,
Scotland,stroke,1999,Male,188.4377831998254,
Scotland,stroke,2000,Male,188.11979881798663,
Scotland,stroke,2001,Male,179.0235598397794,
Scotland,stroke,2002,Male,175.90514700591066,
Scotland,stroke,2003,Male,175.14584125356114,
Scotland,stroke,2004,Male,165.03233056164848,
Scotland,stroke,2005,Male,147.0223189712644,
Scotland,stroke,2006,Male,137.8199141619704,
Scotland,stroke,2007,Male,135.76741119938382,
Scotland,stroke,2008,Male,131.46524411669492,
Scotland,stroke,2009,Male,116.78886502082158,
Scotland,stroke,2010,Male,114.70728924475621,
Scotland,stroke,2011,Male,104.31331722037423,
Scotland,stroke,2012,Male,96.47003350233082,
Scotland,stroke,2013,Male,99.45534236450044,
Scotland,stroke,2014,Male,87.98532939278711,
Scotland,stroke,2015,Male,92.09975609167682,
Scotland,stroke,2016,Male,88.67939557009588,
Scotland,stroke,2017,Male,81.11958037260756,
Scotland,stroke,2018,Male,79.7022721047533,
Scotland,stroke,2019,Male,70.47573917537127,
Scotland,stroke,1969,Female,373.2867,
Scotland,stroke,1971,Female,345.6575,
Scotland,stroke,1973,Female,346.4069,
Scotland,stroke,1975,Female,322.5587,
Scotland,stroke,1977,Female,281.8821,
Scotland,stroke,1979,Female,298.2561,
Scotland,stroke,1981,Female,273.1819,
Scotland,stroke,1983,Female,255.0089,
Scotland,stroke,1985,Female,239.7634,
Scotland,stroke,1987,Female,229.0782,
Scotland,stroke,1989,Female,227.7886,
Scotland,stroke,1991,Female,211.498,
Scotland,stroke,1993,Female,221.6462,
Scotland,stroke,1994,Female,207.5961744274449,
Scotland,stroke,1995,Female,205.95056163861275,
Scotland,stroke,1996,Female,183.4651833224579,
Scotland,stroke,1997,Female,178.56744861673616,
Scotland,stroke,1998,Female,176.87511162189855,
Scotland,stroke,1999,Female,174.12903360922718,
Scotland,stroke,2000,Female,170.20491780681851,
Scotland,stroke,2001,Female,164.82176239207104,
Scotland,stroke,2002,Female,168.8113333264513,
Scotland,stroke,2003,Female,160.79090307682722,
Scotland,stroke,2004,Female,151.0597657900551,
Scotland,stroke,2005,Female,142.00765799010952,
Scotland,stroke,2006,Female,129.84526152965773,
Scotland,stroke,2007,Female,125.20909849772978,
Scotland,stroke,2008,Female,125.35740305919319,
Scotland,stroke,2009,Female,115.56327052675981,
Scotland,stroke,2010,Female,104.74592079188345,
Scotland,stroke,2011,Female,101.17623369899441,
Scotland,stroke,2012,Female,98.3354940487856,
Scotland,stroke,2013,Female,93.49461991161752,
Scotland,stroke,2014,Female,85.92247525006309,
Scotland,stroke,2015,Female,87.81861422684136,
Scotland,stroke,2016,Female,81.59645916150296,
Scotland,stroke,2017,Female,77.05218517295638,
Scotland,stroke,2018,Female,72.91699274839637,
Scotland,stroke,2019,Female,72.93612272703211,
United Kingdom,all_cvd,1969,Male,1281.33,
United Kingdom,all_cvd,1971,Male,1243.039,
United Kingdom,all_cvd,1973,Male,1245.286,
United Kingdom,all_cvd,1975,Male,1208.082,
United Kingdom,all_cvd,1977,Male,1144.708,
United Kingdom,all_cvd,1979,Male,1152.453,
United Kingdom,all_cvd,1981,Male,1072.028,
United Kingdom,all_cvd,1983,Male,1032.347,
United Kingdom,all_cvd,1985,Male,1014.001,
United Kingdom,all_cvd,1987,Male,933.3807,
United Kingdom,all_cvd,1989,Male,889.7076,
United Kingdom,all_cvd,1991,Male,853.4993,
United Kingdom,all_cvd,1993,Male,824.1526,
United Kingdom,all_cvd,1994,Male,764.062675924285,
United Kingdom,all_cvd,1995,Male,753.1978130576658,
United Kingdom,all_cvd,1996,Male,737.2328707937718,
United Kingdom,all_cvd,1997,Male,700.7363507878267,
United Kingdom,all_cvd,1998,Male,678.6695717372093,
United Kingdom,all_cvd,1999,Male,654.0448585386081,
United Kingdom,all_cvd,2000,Male,614.9168787717558,
United Kingdom,all_cvd,2001,Male,622.9103184478165,
United Kingdom,all_cvd,2002,Male,609.7261535952489,
United Kingdom,all_cvd,2003,Male,587.7769362653802,
United Kingdom,all_cvd,2004,Male,544.0085874542851,
United Kingdom,all_cvd,2005,Male,515.5038689907648,
United Kingdom,all_cvd,2006,Male,482.5937991223112,
United Kingdom,all_cvd,2007,Male,463.56643257325067,
United Kingdom,all_cvd,2008,Male,449.93934966793773,
United Kingdom,all_cvd,2009,Male,419.6599945278253,
United Kingdom,all_cvd,2010,Male,409.0994221776804,
United Kingdom,all_cvd,2011,Male,373.1010610907334,
United Kingdom,all_cvd,2012,Male,366.5774612362971,
United Kingdom,all_cvd,2013,Male,361.8513217482268,
United Kingdom,all_cvd,2014,Male,346.1618120417644,
United Kingdom,all_cvd,2015,Male,350.08900544701055,
United Kingdom,all_cvd,2016,Male,334.59857031324424,
United Kingdom,all_cvd,2017,Male,330.3191457515281,
United Kingdom,all_cvd,2018,Male,323.9043145096399,
United Kingdom,all_cvd,2019,Male,311.7617666906434,
United Kingdom,all_cvd,1969,Female,888.8349,
United Kingdom,all_cvd,1971,Female,839.5088,
United Kingdom,all_cvd,1973,Female,844.8082,
United Kingdom,all_cvd,1975,Female,803.4622,
United Kingdom,all_cvd,1977,Female,760.3115,
United Kingdom,all_cvd,1979,Female,753.2733,
United Kingdom,all_cvd,1981,Female,695.4315,
United Kingdom,all_cvd,1983,Female,664.4509,
United Kingdom,all_cvd,1985,Female,656.1572,
United Kingdom,all_cvd,1987,Female,599.9681,
United Kingdom,all_cvd,1989,Female,578.3533,
United Kingdom,all_cvd,1991,Female,554.0121,
United Kingdom,all_cvd,1993,Female,536.872,
United Kingdom,all_cvd,1994,Female,499.25403622968423,
United Kingdom,all_cvd,1995,Female,491.4397977864243,
United Kingdom,all_cvd,1996,Female,481.0522114972897,
United Kingdom,all_cvd,1997,Female,461.36711279955847,
United Kingdom,all_cvd,1998,Female,451.6341136861055,
United Kingdom,all_cvd,1999,Female,434.2153213304034,
United Kingdom,all_cvd,2000,Female,406.7413122467123,
United Kingdom,all_cvd,2001,Female,415.46530957398414,
United Kingdom,all_cvd,2002,Female,409.35011277323724,
United Kingdom,all_cvd,2003,Female,400.48743686508243,
United Kingdom,all_cvd,2004,Female,369.85736285325333,
United Kingdom,all_cvd,2005,Female,350.772003203224,
United Kingdom,all_cvd,2006,Female,328.2118235216561,
United Kingdom,all_cvd,2007,Female,316.5193864368172,
United Kingdom,all_cvd,2008,Female,311.43316131113204,
United Kingdom,all_cvd,2009,Female,288.8643404194563,
United Kingdom,all_cvd,2010,Female,278.23359420180986,
United Kingdom,all_cvd,2011,Female,257.0561747771123,
United Kingdom,all_cvd,2012,Female,255.68989812068813,
United Kingdom,all_cvd,2013,Female,247.17441525521022,
United Kingdom,all_cvd,2014,Female,234.44911194722417,
United Kingdom,all_cvd,2015,Female,240.6785298814126,
United Kingdom,all_cvd,2016,Female,227.27721744890812,
United Kingdom,all_cvd,2017,Female,224.3962695130466,
United Kingdom,all_cvd,2018,Female,217.29672734074165,
United Kingdom,all_cvd,2019,Female,208.02904905851926,
United Kingdom,chd,1969,Male,,
United Kingdom,chd,1971,Male,-,
United Kingdom,chd,1973,Male,-,
United Kingdom,chd,1975,Male,668.061,
United Kingdom,chd,1977,Male,660.2544,
United Kingdom,chd,1979,Male,647.3536,
United Kingdom,chd,1981,Male,626.4244,
United Kingdom,chd,1983,Male,620.072,
United Kingdom,chd,1985,Male,624.4901,
United Kingdom,chd,1987,Male,581.4552,
United Kingdom,chd,1989,Male,552.0411,
United Kingdom,chd,1991,Male,532.2753,
United Kingdom,chd,1993,Male,510.4049,
United Kingdom,chd,1994,Male,468.76987146073185,
United Kingdom,chd,1995,Male,457.7261039817151,
United Kingdom,chd,1996,Male,442.22783115240514,
United Kingdom,chd,1997,Male,417.06686794509767,
United Kingdom,chd,1998,Male,402.2701410306877,
United Kingdom,chd,1999,Male,383.39081353553235,
United Kingdom,chd,2000,Male,360.5428553665619,
United Kingdom,chd,2001,Male,348.2862320960053,
United Kingdom,chd,2002,Male,334.99682650192403,
United Kingdom,chd,2003,Male,320.87457471555086,
United Kingdom,chd,2004,Male,297.01066374910175,
United Kingdom,chd,2005,Male,279.67534537133145,
United Kingdom,chd,2006,Male,257.098321767009,
United Kingdom,chd,2007,Male,246.3072138599489,
United Kingdom,chd,2008,Male,233.30414469262448,
United Kingdom,chd,2009,Male,217.07485516779798,
United Kingdom,chd,2010,Male,209.4649130426948,
United Kingdom,chd,2011,Male,189.09390554684583,
United Kingdom,chd,2012,Male,183.188535978058,
United Kingdom,chd,2013,Male,179.51898799397358,
United Kingdom,chd,2014,Male,167.0876207008238,
United Kingdom,chd,2015,Male,166.26100046681012,
United Kingdom,chd,2016,Male,154.82390137984822,
United Kingdom,chd,2017,Male,153.88048254542235,
United Kingdom,chd,2018,Male,147.93238717046668,
United Kingdom,chd,2019,Male,142.71413829732793,
United Kingdom,chd,1969,Female,,
United Kingdom,chd,1971,Female,-,
United Kingdom,chd,1973,Female,-,
United Kingdom,chd,1975,Female,336.7069,
United Kingdom,chd,1977,Female,333.4825,
United Kingdom,chd,1979,Female,314.0835,
United Kingdom,chd,1981,Female,309.6079,
United Kingdom,chd,1983,Female,305.4008,
United Kingdom,chd,1985,Female,316.2794,
United Kingdom,chd,1987,Female,295.1458,
United Kingdom,chd,1989,Female,287.4909,
United Kingdom,chd,1991,Female,280.0502,
United Kingdom,chd,1993,Female,269.0117,
United Kingdom,chd,1994,Female,246.69054655258023,
United Kingdom,chd,1995,Female,238.33966634588026,
United Kingdom,chd,1996,Female,230.37334184130884,
United Kingdom,chd,1997,Female,218.31341321628005,
United Kingdom,chd,1998,Female,212.20522090780838,
United Kingdom,chd,1999,Female,199.96053505530483,
United Kingdom,chd,2000,Female,186.2879045929651,
United Kingdom,chd,2001,Female,181.31879598168925,
United Kingdom,chd,2002,Female,175.04829908455756,
United Kingdom,chd,2003,Female,169.27003838332095,
United Kingdom,chd,2004,Female,154.7388959888001,
United Kingdom,chd,2005,Female,144.78065656321039,
United Kingdom,chd,2006,Female,133.53832597973513,
United Kingdom,chd,2007,Female,126.29340025183579,
United Kingdom,chd,2008,Female,120.63780043754775,
United Kingdom,chd,2009,Female,109.19337341181428,
United Kingdom,chd,2010,Female,102.81724931281727,
United Kingdom,chd,2011,Female,91.82622152792543,
United Kingdom,chd,2012,Female,90.00724935501607,
United Kingdom,chd,2013,Female,86.5422892682179,
United Kingdom,chd,2014,Female,78.75515551574628,
United Kingdom,chd,2015,Female,78.27738187581338,
United Kingdom,chd,2016,Female,71.65635275259416,
United Kingdom,chd,2017,Female,69.77209718310294,
United Kingdom,chd,2018,Female,64.71829637956138,
United Kingdom,chd,2019,Female,62.72561264568675,
United Kingdom,stroke,1969,Male,317.5245,
United Kingdom,stroke,1971,Male,308.1818,
United Kingdom,stroke,1973,Male,303.6414,
United Kingdom,stroke,1975,Male,279.3433,
United Kingdom,stroke,1977,Male,252.5966,
United Kingdom,stroke,1979,Male,254.0756,
United Kingdom,stroke,1981,Male,229.0026,
United Kingdom,stroke,1983,Male,213.0014,
United Kingdom,stroke,1985,Male,223.5465,
United Kingdom,stroke,1987,Male,202.9949,
United Kingdom,stroke,1989,Male,195.4095,
United Kingdom,stroke,1991,Male,192.0898,
United Kingdom,stroke,1993,Male,167.255,
United Kingdom,stroke,1994,Male,156.80554293043204,
United Kingdom,stroke,1995,Male,156.48719518177884,
United Kingdom,stroke,1996,Male,155.02409705667273,
United Kingdom,stroke,1997,Male,149.32619237938866,
United Kingdom,stroke,1998,Male,144.96033985896725,
United Kingdom,stroke,1999,Male,138.98085614695333,
United Kingdom,stroke,2000,Male,129.4132869377492,
United Kingdom,stroke,2001,Male,147.19436383512303,
United Kingdom,stroke,2002,Male,147.70633108412943,
United Kingdom,stroke,2003,Male,141.9013440145995,
United Kingdom,stroke,2004,Male,128.46352288197176,
United Kingdom,stroke,2005,Male,119.57843768205956,
United Kingdom,stroke,2006,Male,114.18212736501623,
United Kingdom,stroke,2007,Male,106.85510878314683,
United Kingdom,stroke,2008,Male,105.15095229300398,
United Kingdom,stroke,2009,Male,95.99879044306795,
United Kingdom,stroke,2010,Male,93.99030624230599,
United Kingdom,stroke,2011,Male,77.80649328227801,
United Kingdom,stroke,2012,Male,74.01428341428368,
United Kingdom,stroke,2013,Male,72.08267970958103,
United Kingdom,stroke,2014,Male,69.80645817256307,
United Kingdom,stroke,2015,Male,69.46962791370807,
United Kingdom,stroke,2016,Male,65.17466209654435,
United Kingdom,stroke,2017,Male,61.499910034728906,
United Kingdom,stroke,2018,Male,59.60133868387434,
United Kingdom,stroke,2019,Male,56.03875279644691,
United Kingdom,stroke,1969,Female,289.6281,
United Kingdom,stroke,1971,Female,277.347,
United Kingdom,stroke,1973,Female,272.7011,
United Kingdom,stroke,1975,Female,254.7531,
United Kingdom,stroke,1977,Female,235.6586,
United Kingdom,stroke,1979,Female,232.098,
United Kingdom,stroke,1981,Female,210.339,
United Kingdom,stroke,1983,Female,198.8023,
United Kingdom,stroke,1985,Female,203.6966,
United Kingdom,stroke,1987,Female,188.6016,
United Kingdom,stroke,1989,Female,179.3504,
United Kingdom,stroke,1991,Female,173.9826,
United Kingdom,stroke,1993,Female,155.735,
United Kingdom,stroke,1994,Female,147.778469551148,
United Kingdom,stroke,1995,Female,147.3020896485905,
United Kingdom,stroke,1996,Female,145.04521143081956,
United Kingdom,stroke,1997,Female,138.64465912367638,
United Kingdom,stroke,1998,Female,137.10793675716567,
United Kingdom,stroke,1999,Female,134.0335129393689,
United Kingdom,stroke,2000,Female,124.43541696177907,
United Kingdom,stroke,2001,Female,135.4305174028227,
United Kingdom,stroke,2002,Female,135.35160738713014,
United Kingdom,stroke,2003,Female,131.9640777728145,
United Kingdom,stroke,2004,Female,120.47187311721902,
United Kingdom,stroke,2005,Female,113.52721913307376,
United Kingdom,stroke,2006,Female,105.87856808634996,
United Kingdom,stroke,2007,Female,101.55935174980549,
United Kingdom,stroke,2008,Female,100.48613615571868,
United Kingdom,stroke,2009,Female,92.35064189068272,
United Kingdom,stroke,2010,Female,89.14139495309301,
United Kingdom,stroke,2011,Female,73.43331873798431,
United Kingdom,stroke,2012,Female,72.06550815866265,
United Kingdom,stroke,2013,Female,68.00347235872671,
United Kingdom,stroke,2014,Female,63.97862798672266,
United Kingdom,stroke,2015,Female,65.1566741688649,
United Kingdom,stroke,2016,Female,59.35647852766413,
United Kingdom,stroke,2017,Female,56.85489256123886,
United Kingdom,stroke,2018,Female,54.98369346155707,
United Kingdom,stroke,2019,Female,51.043949401002095,
Wales,all_cvd,1969,Male,1476.417,
Wales,all_cvd,1971,Male,1371.791,
Wales,all_cvd,1973,Male,1363.144,
Wales,all_cvd,1975,Male,1316.514,
Wales,all_cvd,1977,Male,1240.112,
Wales,all_cvd,1979,Male,1228.97,
Wales,all_cvd,1981,Male,1136.534,
Wales,all_cvd,1983,Male,1127.466,
Wales,all_cvd,1985,Male,1083.121,
Wales,all_cvd,1987,Male,973.0492,
Wales,all_cvd,1989,Male,929.1026,
Wales,all_cvd,1991,Male,878.2542,
Wales,all_cvd,1993,Male,855.0098,
Wales,all_cvd,1994,Male,784.1753390123906,
Wales,all_cvd,1995,Male,798.7051660319908,
Wales,all_cvd,1996,Male,772.7672666123965,
Wales,all_cvd,1997,Male,740.5906417972542,
Wales,all_cvd,1998,Male,704.7485804168435,
Wales,all_cvd,1999,Male,697.0788257345394,
Wales,all_cvd,2000,Male,646.9186548646392,
Wales,all_cvd,2001,Male,666.6870911941181,
Wales,all_cvd,2002,Male,638.54693280971,
Wales,all_cvd,2003,Male,645.8397923102872,
Wales,all_cvd,2004,Male,559.7604744991125,
Wales,all_cvd,2005,Male,558.113086051941,
Wales,all_cvd,2006,Male,510.14896327077105,
Wales,all_cvd,2007,Male,495.8809964338804,
Wales,all_cvd,2008,Male,487.58902027602164,
Wales,all_cvd,2009,Male,446.8832504442827,
Wales,all_cvd,2010,Male,444.8998561232072,
Wales,all_cvd,2011,Male,442.0315278259612,
Wales,all_cvd,2012,Male,448.18979175563743,
Wales,all_cvd,2013,Male,404.2620856356673,
Wales,all_cvd,2014,Male,370.7851930077387,
Wales,all_cvd,2015,Male,371.0564274452485,
Wales,all_cvd,2016,Male,360.10232808598624,
Wales,all_cvd,2017,Male,351.6021259123245,
Wales,all_cvd,2018,Male,352.95989181566824,
Wales,all_cvd,2019,Male,334.65596790614165,
Wales,all_cvd,1969,Female,985.1595,
Wales,all_cvd,1971,Female,914.2638,
Wales,all_cvd,1973,Female,913.3247,
Wales,all_cvd,1975,Female,864.3564,
Wales,all_cvd,1977,Female,822.7763,
Wales,all_cvd,1979,Female,796.6865,
Wales,all_cvd,1981,Female,736.5446,
Wales,all_cvd,1983,Female,701.0422,
Wales,all_cvd,1985,Female,687.5814,
Wales,all_cvd,1987,Female,617.6284,
Wales,all_cvd,1989,Female,607.6109,
Wales,all_cvd,1991,Female,563.0481,
Wales,all_cvd,1993,Female,568.3716,
Wales,all_cvd,1994,Female,521.7396591900174,
Wales,all_cvd,1995,Female,525.007589722796,
Wales,all_cvd,1996,Female,514.6074591305004,
Wales,all_cvd,1997,Female,485.8880324868594,
Wales,all_cvd,1998,Female,469.18328502351363,
Wales,all_cvd,1999,Female,464.28617585206837,
Wales,all_cvd,2000,Female,436.8565341385138,
Wales,all_cvd,2001,Female,452.57361735411735,
Wales,all_cvd,2002,Female,445.33563139908495,
Wales,all_cvd,2003,Female,428.8963349902928,
Wales,all_cvd,2004,Female,397.7116180187905,
Wales,all_cvd,2005,Female,384.5868586961601,
Wales,all_cvd,2006,Female,351.68884237105516,
Wales,all_cvd,2007,Female,348.66764533922293,
Wales,all_cvd,2008,Female,334.9550447068834,
Wales,all_cvd,2009,Female,315.4129038672314,
Wales,all_cvd,2010,Female,302.5931275826069,
Wales,all_cvd,2011,Female,277.8780625829228,
Wales,all_cvd,2012,Female,276.6600115641694,
Wales,all_cvd,2013,Female,265.24576614340657,
Wales,all_cvd,2014,Female,250.3971574858196,
Wales,all_cvd,2015,Female,259.31312721067167,
Wales,all_cvd,2016,Female,245.1424110776246,
Wales,all_cvd,2017,Female,231.41982265163432,
Wales,all_cvd,2018,Female,232.49267307761124,
Wales,all_cvd,2019,Female,222.554039367656,
Wales,chd,1969,Male,,
Wales,chd,1971,Male,724.0057,
Wales,chd,1973,Male,738.5511,
Wales,chd,1975,Male,748.1011,
Wales,chd,1977,Male,727.9383,
Wales,chd,1979,Male,693.3046,
Wales,chd,1981,Male,663.8902,
Wales,chd,1983,Male,674.6292,
Wales,chd,1985,Male,676.3724,
Wales,chd,1987,Male,614.9567,
Wales,chd,1989,Male,587.4113,
Wales,chd,1991,Male,563.4035,
Wales,chd,1993,Male,547.5211,
Wales,chd,1994,Male,490.37773449278615,
Wales,chd,1995,Male,489.16003918121027,
Wales,chd,1996,Male,465.06054132132084,
Wales,chd,1997,Male,446.64089589418575,
Wales,chd,1998,Male,418.2366758402768,
Wales,chd,1999,Male,417.8695669189781,
Wales,chd,2000,Male,388.7278101242355,
Wales,chd,2001,Male,377.7455852082476,
Wales,chd,2002,Male,360.2101123276496,
Wales,chd,2003,Male,357.4153878079027,
Wales,chd,2004,Male,312.38217690654403,
Wales,chd,2005,Male,315.22487751383414,
Wales,chd,2006,Male,274.55865869913623,
Wales,chd,2007,Male,265.4458576241556,
Wales,chd,2008,Male,259.9239864951526,
Wales,chd,2009,Male,233.58970667893243,
Wales,chd,2010,Male,227.47445088497585,
Wales,chd,2011,Male,210.40694929953557,
Wales,chd,2012,Male,206.06666635697982,
Wales,chd,2013,Male,203.82369388766793,
Wales,chd,2014,Male,180.76945460705903,
Wales,chd,2015,Male,182.30880783883077,
Wales,chd,2016,Male,175.13625766634817,
Wales,chd,2017,Male,169.45244285202253,
Wales,chd,2018,Male,167.79423042531772,
Wales,chd,2019,Male,158.59177055132602,
Wales,chd,1969,Female,,
Wales,chd,1971,Female,362.7181,
Wales,chd,1973,Female,366.8949,
Wales,chd,1975,Female,362.7039,
Wales,chd,1977,Female,348.5774,
Wales,chd,1979,Female,322.7813,
Wales,chd,1981,Female,318.8551,
Wales,chd,1983,Female,314.5013,
Wales,chd,1985,Female,328.3787,
Wales,chd,1987,Female,303.6525,
Wales,chd,1989,Female,302.6575,
Wales,chd,1991,Female,290.6733,
Wales,chd,1993,Female,290.5532,
Wales,chd,1994,Female,254.0992823776377,
Wales,chd,1995,Female,252.05726011552957,
Wales,chd,1996,Female,246.4815598566941,
Wales,chd,1997,Female,224.56837886941904,
Wales,chd,1998,Female,216.74833394903845,
Wales,chd,1999,Female,212.12083229466003,
Wales,chd,2000,Female,205.08636506167397,
Wales,chd,2001,Female,201.24366051344,
Wales,chd,2002,Female,194.62801023123524,
Wales,chd,2003,Female,187.3051298340672,
Wales,chd,2004,Female,171.60553304542185,
Wales,chd,2005,Female,163.74456325856048,
Wales,chd,2006,Female,148.110002367821,
Wales,chd,2007,Female,143.2396322787592,
Wales,chd,2008,Female,131.14282333195624,
Wales,chd,2009,Female,121.71976455345875,
Wales,chd,2010,Female,114.90139697613414,
Wales,chd,2011,Female,102.12706617988276,
Wales,chd,2012,Female,97.869807249422,
Wales,chd,2013,Female,96.96622395224088,
Wales,chd,2014,Female,85.10031527407304,
Wales,chd,2015,Female,88.0716532815689,
Wales,chd,2016,Female,79.15071817872979,
Wales,chd,2017,Female,76.65148125769765,
Wales,chd,2018,Female,71.50649198241037,
Wales,chd,2019,Female,68.68155121081615,
Wales,stroke,1969,Male,344.1124,
Wales,stroke,1971,Male,322.3739,
Wales,stroke,1973,Male,333.0768,
Wales,stroke,1975,Male,298.2574,
Wales,stroke,1977,Male,266.5898,
Wales,stroke,1979,Male,274.1192,
Wales,stroke,1981,Male,245.2106,
Wales,stroke,1983,Male,228.0592,
Wales,stroke,1985,Male,227.531,
Wales,stroke,1987,Male,209.463,
Wales,stroke,1989,Male,193.8125,
Wales,stroke,1991,Male,194.2302,
Wales,stroke,1993,Male,161.4976,
Wales,stroke,1994,Male,152.8311043423343,
Wales,stroke,1995,Male,164.5553356807569,
Wales,stroke,1996,Male,158.48475975601107,
Wales,stroke,1997,Male,152.5551121624025,
Wales,stroke,1998,Male,146.71905698674183,
Wales,stroke,1999,Male,140.8560763743536,
Wales,stroke,2000,Male,130.3139850809851,
Wales,stroke,2001,Male,151.9469920485203,
Wales,stroke,2002,Male,147.76110518372482,
Wales,stroke,2003,Male,155.8709171229886,
Wales,stroke,2004,Male,124.17502916592832,
Wales,stroke,2005,Male,122.3645657435,
Wales,stroke,2006,Male,121.77145287577984,
Wales,stroke,2007,Male,112.9060797277545,
Wales,stroke,2008,Male,105.66719988739897,
Wales,stroke,2009,Male,99.76560533187741,
Wales,stroke,2010,Male,100.60362447623828,
Wales,stroke,2011,Male,77.04722475202156,
Wales,stroke,2012,Male,79.97479553795807,
Wales,stroke,2013,Male,81.6226524336065,
Wales,stroke,2014,Male,78.8362190169325,
Wales,stroke,2015,Male,68.28434219646442,
Wales,stroke,2016,Male,65.92137721037338,
Wales,stroke,2017,Male,59.704423705953545,
Wales,stroke,2018,Male,65.9892462963745,
Wales,stroke,2019,Male,58.68888808300689,
Wales,stroke,1969,Female,329.8289,
Wales,stroke,1971,Female,298.8091,
Wales,stroke,1973,Female,290.1854,
Wales,stroke,1975,Female,274.492,
Wales,stroke,1977,Female,271.7228,
Wales,stroke,1979,Female,256.497,
Wales,stroke,1981,Female,233.4968,
Wales,stroke,1983,Female,213.95,
Wales,stroke,1985,Female,220.0286,
Wales,stroke,1987,Female,198.8974,
Wales,stroke,1989,Female,187.0358,
Wales,stroke,1991,Female,174.902,
Wales,stroke,1993,Female,156.2177,
Wales,stroke,1994,Female,151.716600597816,
Wales,stroke,1995,Female,152.95795933066617,
Wales,stroke,1996,Female,152.8903961667016,
Wales,stroke,1997,Female,141.64366041162805,
Wales,stroke,1998,Female,141.5417706565027,
Wales,stroke,1999,Female,136.07875042883464,
Wales,stroke,2000,Female,127.39718001860697,
Wales,stroke,2001,Female,142.80809148308526,
Wales,stroke,2002,Female,145.05906659183938,
Wales,stroke,2003,Female,136.74624115168962,
Wales,stroke,2004,Female,126.70128661828475,
Wales,stroke,2005,Female,115.40977380106962,
Wales,stroke,2006,Female,108.78556564393729,
Wales,stroke,2007,Female,105.35234736339294,
Wales,stroke,2008,Female,108.41318681119638,
Wales,stroke,2009,Female,101.30650755997777,
Wales,stroke,2010,Female,94.81461619773921,
Wales,stroke,2011,Female,75.07451873262302,
Wales,stroke,2012,Female,74.17830701968958,
Wales,stroke,2013,Female,70.78054728653323,
Wales,stroke,2014,Female,71.36468837010463,
Wales,stroke,2015,Female,70.27251158828933,
Wales,stroke,2016,Female,65.61578389386762,
Wales,stroke,2017,Female,58.30449978201004,
Wales,stroke,2018,Female,60.291605679508784,
Wales,stroke,2019,Female,55.37727967496355,
